Family,Genus,Species,#ospecs,spec#s,picspecs,pic#s,sacrificedCNP,Herbarium,Lab,fertile,auth,comments,,,area,mass,SLA,LA,Wood Density,,,
Fabaceae,Acacia,farnesiana,1,enquist434,enquist434,x54,offshoot,enquist434,,0,Wall.,,,,10.59,0.078,135.7692307692,5.295,,, , 
Fabaceae,Acacia,tenuiflora,1,enquist612,enquist612,x53,offshoot,,enquist612,0,Willd.,falling apart,,,11.76,0.101,116.4356435644,5.88,,, ,
Fabaceae,Acosmium,panamense,4,(3)enquist407;enquist424,enquist424,x52,(2)enquist407,enquist424,enquist407,0,(Benth.) Yakovlev,,,,19.31,0.065,297.0769230769,9.655,,, ,
Euphorbiaceae,Adelia,triloba,3,(3)enquist369,enquist369,x51,enquist369,enquist369,enquist369,0,Hemsl.,,,,26.81,0.124,216.2096774194,13.405,,,,
Opiliaceae,Agonandra,macrocarpa,2,enqusit419b;enquist435,enquist435,x50,offshoot,enquist435,enquist419,0,L.O. Williams,,,,26.98,0.358,75.3631284916,13.49,0.74,,,
Fabaceae,Albizia,adinocephala,4,enquist368;enquist233;enquist370;enquist360,enquist360,x49,enquist233;enquist368,enquist360,enquist370,0,Britton&Rose ex Record,,,,11.11,0.092,120.7608695652,5.555,,,,
Rubiaceae,Alibertia,edulis,3,enquist266;enquist501,enquist501,x48,enquist303,enquist501,enquist266,0,A.Rich.,,,,56.87,0.407,139.7297297297,28.435,,,,
Sapindaceae,Allophylus,occidentalis,1,enquist129,enquist129,x47,enquist129,,,1,Radlk.,fallen apart,,,,,,0,,,,
Fabaceae,Andira,inermis,4,(3)enquist402;enquist420,enquist402,x45,enquist402;enquist420,enquist402,enquist402,0,(W.Wright)DC.,,,,19.36,0.162,119.5061728395,9.68,,,,
Annonaceae,Annona,purpurea,1,enquist193,enquist193,x44,enquist193,,,0,Moc.&Sesse ex Dunal,fallen apart,,,,,,0,,,,
Annonaceae,Annona,reticulata,3,enquist239;enquist332;enquist293a,enquist239,x43,enquist239,enquist239,enquist332;,0,L.,,,,120.94,0.383,315.7702349869,60.47,0.57,,,
Acanthaceae,Apehlandra,deppeana,2,(2)enquist347,enquist347,x46,offshoot,enquist437,enquist437,2,Cham.&Schltdl,,,,69.25,0.462,149.8917748918,34.625,,,,
Bignoniaceae,Arrabidaea,patellifera,3,(2)enquist218;enquist237,enquist218,x42,enquist218,enquist218,enquist237,0,(Schltdl.)Sandwith,,,,57.56,0.201,286.368159204,28.78,,,,
Anacardiaceae,Astronium,graveolens,7,enquist505;enquist443;enquist670;enquist609;enquist618;enquist621;enquist600,enquist505,x41,enquist670;enquist609;enquist618;enquist621;enquist600,enquist505,enquist443,0,Jacq.,,,,49.77,0.211,235.8767772512,24.885,0.74,,,
Fabaceae,Ateleia,herbert-smithii,4,enquist660;enquist631;enquist630;enquist664,enquist631,x40,enquist630;enquist664,enquist631,enquist660,0,Pittier,,,,30.78,0.238,129.3277310924,15.39,,,,
Euphorbiaceae,Bernardia,nicaraguensis,2,(2)enquist290,enquist290,x39,offshoot,enquist290,enquist290,0,Standl. & L.O.Williams,,,,38.66,0.27,143.1851851852,19.33,,,,
Moraceae,Brosimum,alicastrum,3,(2)enquist504;enquist648,enquist504,x38,enquist648,enquist504,enquist504,0,Sw.,,,,93.25,0.985,94.6700507614,46.625,,,,
Malpighiaceae,Bunchosia,biocellata,5,enquistb27;enquist307;enquist279;enquist327;enquist289,enquist289,x37,enquistb27;enquist307;enquist279,enquist327,enquist289,0,Schltdl.,,,,62.29,0.341,182.6686217009,31.145,,,,
Burseraceae,Bursera,permollis,2,enquist406;enquist426,enquist426,x36,offshoot,enquist426,enquist406,0,Standl. & Steyerm.,,,,54.5,0.322,169.2546583851,27.25,,,,
Burseraceae,Bursera,simaruba,1,enquist659,enquist659,x35,offshoot,enquist659,,0,Sarg.,,,,50.66,0.37,136.9189189189,25.33,0.495,,,
Burseraceae,Bursera,tomentosa,1,enquist349,enqist349,x34,offshoot,enquist349,,0,Triana & Planch.,,,,8.24,0.087,94.7126436782,4.12,,,,
Malpighiaceae,Byrsonima,crassifolia,3,(2)enquist210;enquist213,enquist210,x33,enquist213,enquist210,enquist210,3,Steud.,,,,40.25,0.566,71.1130742049,20.125,,,,
Rubiaceae,Calycophyllum,candidissimum,4,enquist366;enquist627;enquist614;enquist617,enquist366,x32,enquist617;enquist627,enquist366,enquist614,1,DC.,,,,67.72,0.278,243.5971223022,33.86,0.685,,,
Capparaceae,Capparis,frondosa,2,(2)enquist239b,enquist239,x31,offshoot,enquist239,enquist239,0,Jacq.,,,,99.16,1.198,82.7712854758,49.58,,,,
Capparaceae,Capparis,indica,4,enquist638;enquist636;enquist665;enquist642,enquist636,x30,enquist665;enquist642,enquist636,enquist638,0,Druce,,,,31.87,0.735,43.3605442177,15.935,,,,
Capparaceae,Capparis,pachaca,1,nonumb,nonumb,x60,offshoot,nonumb,,0,Kunth.,,,,9.08,0.247,36.7611336032,4.54,,,,
Capparaceae,Capparis,verrucosa,1,enquist411,enquist411,x29,offshoot,enquist411,,1,Griff.,,,,29.68,0.474,62.6160337553,14.84,,,,
Salicaceae,Casearia,arguta,5,enquist247;enquist276;(2)enquist282;enquist257,enquist257,x26,enquist282;enquist276;247,enquist257,enquist282,0,H.B. & K,,,,66.5,0.31,214.5161290323,33.25,,,,
Salicaceae,Casearia,corymbosa,9,(4)enquist201;enquist147;enqusit253;enquist230;enquist153;enquist267,enquist267,x28,(4)enquist201;enquist147;enqusit253;enquist230,enquist153,enquist267,2,H.B. & K,,,,29.14,0.185,157.5135135135,14.57,,,,
Salicaceae,Casearia,praecox,5,(2)enquist242;(2)enquist359;enquist361,enquist242,x27,enquist359;enquist242;enquist361,enqusit242,enquist359,0,Griseb.,,,,29.47,0.122,241.5573770492,14.735,,,,
Salicaceae,Casearia,sylvestris,3,enquist639;enquist220;enquist283,enquist283,x25,enquist639,enquist283,enquist220,0,Sw.,,,,29.41,0.175,168.0571428571,14.705,,,,
Salicaceae,Casearia,tremula,3,(3)enquist431,enquist431,x24,enquist431,enquist431,enquist431,0,(Griseb.)Briseb. Ex C.Wright,,,,50.41,0.141,357.5177304965,25.205,,,,
Fabaceae,Cassia,emarginata,3,(2)enquist335;enquist315,enquist315,x96,enquist335,enquist315,enquist335,0,L.,,,,48.03,0.258,186.1627906977,24.015,,,,
Fabaceae,Cassia,grandis,1,nonumb,,,nonumb,,,0,L.f.,leaflet that was defoliated,,,8.45,0.108,78.2407407407,4.225,,,,
Moraceae,Castilla,elastica,3,(2)enquist343;enquist298,enquist343,x23,enquist343,enquist343,enquist298,0,Cerv.,,,,239.48,1.03,232.5048543689,119.74,,,,
Meliaceae,Cedrela,odorata,1,enquist415,enquist415,x22,offshoot,enquist415,,1,Ruiz & Pav.,,,,50.25,0.205,245.1219512195,25.125,,,,
Solanaceae,Cestrum,sp.,1,enquist278,enquist278,x21,offshoot,,enquist278,1,,joy called 279 fixed,,,20.36,0.065,313.2307692308,10.18,,,,
Moraceae,Chlorophora,tinctoria,2,enqusit613;enquist620,enquist613,x20,offshoot,enquist613,enquist620,0,(L.)Gaudich. Ex Benth. & Hook.f.,,,,47.35,0.152,311.5131578947,23.675,0.485,,,
Rubiaceae,Chomelia,spinosa,3,enquist130;enquist625;enquist626,enquist130,x19,enquist625,enquist130,enquist626,1,Jacq.,,,,24.32,0.08,304,12.16,0.72,,,
Sapotaceae,Chrysophyllum,brenesii,9,enquist296;(2)enquist350;enquist373;enquist433;enquist245;enquist330;enquist305;enquist229,enquist296,x18,enquist350;enquist373;enquist433;enquist245;enquist330;enquist305;enquist229,enquist296,enquist350,0,Cronquist,,,,13.24,0.132,100.303030303,6.62,,,,
Polygonaceae,Coccoloba,guanacastensis,2,(2)enquist381,enquist381,x17,offshoot,enquist381,enquist381,0,W.C.Burger,,,,104.18,1.178,88.4380305603,52.09,,,,
Boraginaceae,Cordia,alliodora,4,(2)enquist442;enquist250;enquist295,enquist442,x16,enquist250;enquist442,enquist442,enquist295,0,(Ruiz & Pav.) Oken,,,,20.16,0.167,120.7185628743,10.08,0.651,,,
Boraginaceae,Cordia,guanacastensis,1,enquist323,enquist323,x15,offshoot,enquist323,,1,Standl.,,,,14.54,0.108,134.6296296296,7.27,,,,
Boraginaceae,Cordia,panamensis,2,enquist312;nonumb,enquist312,x14,offshoot,nonumb,enquist312,2,L.Riley,,,,208.36,1.44,144.6944444444,104.18,,,,
Lamiaceae,Cornutia,grandifolia,3,enquist203;enquist259;enquist275,enquist203,x13,enquist259,enquist203,enquist275,0,Schauer,,,,43.54,0.257,169.4163424125,21.77,,,,
Fabaceae,Coursetia,elliptica,6,enquist212;enquist286;enquist281;enquist285;enquist238;enquist263,enquist212,x12,enquist281;enquist285;enquist238;enquist263,enquist212,enquist286,1,M.Sousa&Rudd,,,,6.1,0.025,244,3.05,,,,
Rubiaceae,Coutarea,hexandra,3,(2)enquist432;enquist291,enquist291,x11,enqusit432,enquist291,enqusit432,1,J.R.Johnston,,,,98.76,0.239,413.2217573222,49.38,,,,
Bignoniaceae,Crescentia,alata,1,enquist192,enquist192,x7,offshoot,enquist192,,0,Kunth.,,,,4.76,0.15,31.7333333333,2.38,,,,
Bignoniaceae,Crescentia,cujete,1,enqusit365,enquist365,x6,offshoot,enquist365,,0,Vell.,,,,9.89,0.137,72.1897810219,4.945,,,,
Asteraceae,Critonia,sexangularis,1,enquist374,enquist374,x9,offshoot,enquist374,,0,(Klatt) R.M.King&H.Rob,,,,123.56,0.912,135.4824561404,61.78,,,,
Euphorbiaceae,Croton,jutiapensis,1,enquist425,enquist425,x10,,enquist425,,1,Croizat,no in plot,,,,,,0,,,,
Euphorbiaceae,Croton,morifolius,7,(3)enquist200;(2)enquist333;(2)enquist242,enquist200,x8,enquist200;(2)enquist333;(2)enquist242,enquist200,enquist200,3,Willd.,,,,89.25,0.317,281.5457413249,44.625,,,,
Sapindaceae,Cupania,guatemalensis,5,enquist190;enquist634;(2)enquist349;enquist217,enquist190,x5,(2)enquist349;enquist217,enquist190,enquist634,0,Radlk.,joy called 249 should have been 349 changed,,,52.92,0.269,196.7286245353,26.46,,,,
Dilleniaceae,Curatella,americana,3,(3)enquist198,enquist198,x4,enquist198,enquist198,enquist198,3,L.,,,,138.98,1.11,125.2072072072,69.49,,,,
Bignoniaceae,Cydista,aequinoctialis,5,(4)enquist133;enquist211,enquist211,x2,(3)enquist133,enquist211,enquist133,5,Miers,,,,48.93,0.388,126.1082474227,24.465,,,,
Bignoniaceae,Cydista,diversifolia,2,enquist632;enquist627,enquist632,x3,offshoot,enquist632,enquist627,0,Miers,,,,108.37,0.79,137.1772151899,54.185,,,,
Fabaceae,Dalbergia,retusa,2,enquist225;enquist363,enquist363,x1,offshoot,enquist363,enquist225,0,Hemsl.,,,,12.75,0.175,72.8571428571,6.375,,,,
Annonaceae,Desmopsis,bibracteata,5,(3)enquist413;(1)enquist392;(1)nonumb,enquist413;nonumb,3;2,enquist413;enquist392;nonumb,enquist413,enquist413,4,Saff.,,,,60.95,0.316,192.8797468354,30.475,,,,
Ebenaceae,Diospyros,nicaraguensis,5,enquist328;enquist294;(2)enquist508;enquist337,enquist328;enquist294,5;6,(2)enquist508;enquist337;,enquist294,enquist328,0,Standl.,all in very bad shape(leaves falling off),,,55.83,0.447,124.8993288591,27.915,,,,
Fabaceae,Diospyros,robinioides,2,enquist265;enquist624,enquist264,26,enquist265;,enquist624,,0,Benth. Ex Benth. & Oerst,,,,3.98,0.04,99.5,1.99,,,,
Fabaceae,Diphysa,humilis,1,enquist428,enquist428,4,offshoot,enquist428,,0,Oerst. ex Benth. & Oerst.,,,,18.5,0.112,165.1785714286,9.25,,,,
Sapindaceae,Dipterodendron,costaricense,1,enquist249,enquist249,7,offshoot,enquist249,,0,Radlk.,could be Enquist244(sharpie on black part of news paper),,,6.07,0.028,216.7857142857,3.035,,,,
Fabaceae,Enterolobium,cyclocarpum,2,(2)nonumb,nonumb,9,nonumb,nonumb,,0,Griseb.,,,,3.3,0.018,183.3333333333,1.65,0.44,,,
Turneraceae,Erblichia,odorata,3,(3)enquist390,enquist390,8,enquist390,enquist390,enquist390,,(Standl. & Steyerm.) L.O. Williams,synonym(E. xylocarpa (Sprague & L.Riley) Standl. & Steyerm.));brian misspelled on sheet as Ehrblichia,,,44.97,0.153,293.9215686275,22.485,,,,
Erythroxylaceae,Erythroxylon,rotundifolium,3,(3)enquist421,enquist421,10,(3)enquist421,(3)enquist421,(3)enquist421,2,Lunan,"not in IPNI, but in TROPICOS",,,5.39,0.022,245,2.695,,,,
Erythroxylaceae,Erythroxylum,havanense,1,enquist232,enquist232,x63,,enquist232,,1,H.B. & K,,,,,,,0,,,,
Myrtaceae,Eugenia,salamensis,4,(2)enquist223;(2)enquist347,enquist347;enquist223,11;12,(2)enquist347,enquist223,enquist223,,Donn.Sm.,,,,,,,0,,,,
Rubiaceae,Faramea,occidentalis,2,(2)enquist391,enquist391,13,offshoot,enquist391,enquist391,0,A.Rich,,,,,,,0,,,,
Moraceae,Ficus,cotinifolia,1,enquist654,,,enquist654,,,0,H.B. & K,specimen has fallen completely apart,,,42.45,0.391,108.5677749361,21.225,,,,
Moraceae,Ficus,hondurensis,1,enquist652,enquist652,x64,offshoot,enquist652,,0,Standl. & L.O.Williams,,,,55.83,0.393,142.0610687023,27.915,,,,
Moraceae,Ficus,ovalis,4,enquist653;enquist655;enquist656;enquist657,enquist653,x66,enquist655;enquist657,enquist653,enquist656,1,Miq.,,,,62.18,0.564,110.2482269504,31.09,,,,
Moraceae,Ficus,sp.,1,nonumb,nonumb,x65,offshoot,,nonumb,0,,,,,264.74,1.422,186.1744022504,132.37,,,,
Apocynaceae,Forsteronia,spicata,4,(2)enquist615;(2)nonumb,nonumb,14,enquist615;nonumb,nonumb,enquist615,0,G.Mey,Joy called 233 we changed back to no numb,,,,,,0,,,,
Clusiaceae,Garcinia,edulis,1,enquist395,enquist395,15,,enquist395,,0,Exell,,,,,,,0,,,,
Clusiaceae,Garcinia,intermedia,1,nonumb,nonumb,16,,nonumb,,0,Hammel,,,,,,,0,,,,
Rubiaceae,Genipa,americana,1,enquist161,enquist161,17,,enquist161,,0,L.,,,,,,,0,,,,
Fabaceae,Gliricidia,sepium,1,enquist666,enquist666,18,offshoot,enquist666,,0,H.B. & K,on sheet just called Gliricidia,,,,,,0,,,,
Bignoniaceae,Godmania,aesculifolia,4,(2)enquist227;(2)enquist406,enquist406,x67,(2)enquist227,enquist406,enquist406,0,Standl.,,,,32.05,0.325,98.6153846154,16.025,,,,
Meliaceae,Guarea,excelsa,2,enquist162;enquist248a;enquist647;enquist643,enquist248,19,offshoot;enquist647;enquist643,enquist162,enquist248,1,H.B. & K,changed to 248a from 248,,,,,,0,,,,
Malvaceae,Guazuma,ulmifolia,1,enquist616,enquist616,20,offshoot,enquist616,,0,Wall.,,,,,,,0,0.635,,,
Rubiaceae,Guettarda,macrosperma,4,enquist661;enqusit667;enquist271;enquist610,enquist271,21,enquist667;enquist661,enquist271,enquist610,0,Donn.Sm.,,,,,,,0,,,,
Rubiaceae,Hamelia,patens,5,(3)enquist423;(2)enquist338;,enquist423,22,enquist423;(2)enquist338,enquist423,enquist423,3,Jacq.,,,,,,,0,,,,
Byttneriaceae,Helicteres,guazumifolia,1,enquist316,enquist316,x68,offshoot,enquist316,,0,Pilg.,,,,137,0.978,140.081799591,68.5,,,,
Hippocrateaceae,Hemiangium,excelsum,3,enquist273;(2)nonumb,nonumb,23,nonumb,nonumb,enquist273,0,A.C.Sm.,,,,,,,0,,,,
Chrysobalanaceae,Hirtella,racemosa,4,(2)enquist400;enquist190;enquist284,enquist400,24,(2)enquist400,enquist190,enquist284,0,Ruiz & Pav.,,,,,,,0,,,,
Fabaceae,Hymenaea,courbaril,6,enquist606;enquist669;enquist258;(3)enquist502,enquist502,25,enquist606;enquist669;enquist258;enquist502,enquist502,enquist502,0,L.,,,,,,,0,,,,
Fabaceae,Inga,vera,4,(2)enquist235;(2)enquist500,enquist235,47,enquist235;enquist500,enquist235,enquist500,2,H.B. & K,,,,,,,0,,,,
Rubiaceae,Ixora,floribunda,2,(2)enquist384,enquist384,46,offshoot,enquist384,enquist384,0,Boerl.,,,,,,,0,,,,
Euphorbiaceae,Jatropha,curcas,1,enquist251,enquist251,45,offshoot,enquist251,,1,L.,,,,,,,0,,,,
Rhamnaceae,Karwinskia,calderoni,3,(2)enquist224;enquist416,enquist224,44,enquist416,enquist224,enquist224,2,Standl.,,,,,,,0,,,,
Asteraceae,Koanophyllon,albicaulis,1,enquist375,enquist375,43,offshoot,enquist375,,1,(SchultzBip.exKlatt)R.M.King&H.Rob.,,,,,,,0,,,,
Rhamnaceae,Krugiodendron,ferreum,4,(2)enquist228;(2)enquist306,enquist306,42,enquist228;enquist306,enquist306,enquist228,0,Urb.,,,,,,,0,,,,
Verbenaceae,Lantana,trifolia,3,(3)enquist412,enquist412,41,enquist412,enquist412,enquist412,3,L.,,,,,,,0,,,,
Asteraceae,Lasianthaea,fruticosa,2,enquist280;nonumb,enquist280;nonumb,39;40,offshoot,nonumb,enquist280,0,(L.)K.M.Becker,,,,,,,0,,,,
Fabaceae,Lonchocarpus,acuminatus,3,(2)enquist363;enquist252,enquist252,38,enquist364,enquist252,enquist364,0,(Schltdl.)M.Sousa,,,,,,,0,,,,
Fabaceae,Lonchocarpus,minimiflorus,3,enquist240;enquist605;nonumb,enquist240;nonumb,36;37,enquist605,nonumb,enquist240,1,Donn.Sm.,,,,,,,0,,,,
Fabaceae,Lonchocarpus,oliganthus,2,(2)enquist358,enquist358,35,offshoot,enquist358,enquist358,0,F.J.Herm.,,,,,,,0,,,,
Malvaceae,Luehea,candida,2,(2)enquist604,enquist604,32,offshoot,enquist604,enquis604,0,Mart.,,,,,,,0,,,,
Malvaceae,Luehea,sp.,2,enquist658;enquist241,enquist241,33,enquist658,enquist241,,0,,,,,,,,0,,,,
Fabaceae,Lysiloma,seemannii,2,enquist209;enquist309,enquist309,34,offshoot,enquist309,enquist209,0,Britton & Rose,,,,,,,0,,,,
Euphorbiaceae,Mabea,occidentalis,1,enquist310,enquist310,31,offshoot,enquist310,,0,Benth.,,,,,,,0,,,,
Fabaceae,Machaerium,biovulatum,2,enquist262;enquist334,enquist334,30,offshoot,enquist334,enquist262,0,Micheli,,,,,,,0,0.9,,,
Malpighiaceae,Malpighia,glabra,6,enquist272;(2)enquist243;enquist216;(2)enquist348;,enquist216;enquist348,28;29,(2)enquist243;enquist348;enquist272,enquist216,enquist348,1,Sesse & Moc.,,,,,,,0,,,,
Malvaceae,Malvaviscus,arboreus,3,(2)enquist123;enquist268,enquist123,27,enquist268,enquist123,enquist123,2,Cav.,,,,,,,0,,,,
Sapotaceae,Manilkara,chicle,1,enquist644,enquist644,66,offshoot,enquist644,,,(Pittier)Gilly,,,,,,,0,0.45,,,
Euphorbiaceae,Margaritaria,nobilis,6,(2)enquist274;enquist422;enquist376;enquist340;enquist351,enquist274,65,enquist351;enquist274;enquist376;enquist340,enquist422,enquist274,1,L.f.,,,,,,,0,,,,
Sapotaceae,Mastichodendron,capiri,2,enquist255;enquist269,enquist255;enquist269,63;64,offshoot,enquist255,enquist269,0,(A.DC.)Cronquist,,,,,,,0,0.67,,,
Asclepiadaceae,Matelea,trianae,4,(4)enquist135,enquist135,62,(2)enquist135,enquist135,enquist135,4,(Trin.)Spellman,,,,,,,0,,,,
Oleaceae,Maytenus,segoviarum,3,(2)enquist382;enquist236,enquist236,61,enquist382,enquist236,enquist382,0,Standl. & L.O.Williams,,,,,,,0,,,,
Melastomataceae,Miconia,argentea,1,enquist299,enquist299,60,offshoot,enquist299,,0,DC.,,,,,,,0,,,,
Melastomataceae,Mouriri,myrtilloides,1,enquist393,enquist393,59,offshoot,enquist393,,0,M.Gomez,,,,,,,0,,,,
Malvaceae,Muntingia,calabura,3,(2)enquist131;enquist385,enqist385,58,enquist131,enquist385,enquist131,3,L.,,,,,,,0,,,,
Fabaceae,Myrospermum,frutescens,2,enquist261;enquist137,enquist261;enquist137,56;57,offshoot,enquist261,enquist137,0,Jacq.,,,,,,,0,0.705,,,
Lauraceae,Ocotea,veraguensis,4,enquist637;enquist635;enquist641;enquist649,enquist641,55,enquist637;enquist649,enquist641,enquist635,0,Mez,,,,,,,0,,,,
Ochnaceae,Ouratea,lucens,2,(2)enquist394,enquist394,54,,enquist394,enquiast394,0,Engl.,,,,,,,0,,,,
Bignoniaceae,Pachyptera,hymenaea,1,enquist438,enquist438,x94,offshoot,enquist438,,0,(DC.)A.H.Gentry,,,,42.18,0.242,174.2975206612,21.09,,,,
Fabaceae,Pachyrhizus,erosus,1,enquist264,enquist264,53,,enquist264,,0,(L.)Urb.,,,,,,,0,,,,
Sapindaceae,Paullinia,cururu,2,(2)enquist127,enquist127,52,enquist127,enquist127,,0,L.,,,,,,,0,,,,
Verbenaceae,Petrea,volubilis,3,(3)enquist386,enquist386,51,enquist386,enquist386,enquist386,1,L.,,,,,,,0,,,,
Simaroubaceae,Picramnia,quaternaria,3,(3)enquist389,enquist389,50,enquist389,enquist389,enquist389,0,Donn.Sm.,,,,,,,0,,,,
Piperaceae,Piper,amalago,3,(3)enquist199,enquist199,49,enquist199,enquist199,enquist199,3,L.,,,,,,,0,,,,
Piperaceae,Piper,nigrum,1,enqusit398,enquist398,48,offshoot,enquist398,,0,L.,,,,,,,0,,,,
Sapotaceae,Pouteria,reticulata,2,(2)nonumb,nonumb,x62,offshoot,nonumb,nonumb,0,(Engl.) Eyma,,,,30.59,0.508,60.2165354331,15.295,,,,
Malvaceae,Prockia,crucis,4,(2)enquist234;(2)enquist339,enquist234,x58,enquist234;enquist339,enquist234,enquist339,2,L.,,,,24.92,0.093,267.9569892473,12.46,,,,
Myrtaceae,Psidium,guineense,1,enquist417b,enquist417b,x59,offshoot,enquist417b,,0,Sw.,,,,24.97,0.578,43.2006920415,12.485,,,,
Myrtaceae,Psidium,sartorianum,2,(2)enquist397,enquist397,x61,offshoot,enquist397,enquist397,0,(O.Berg) Nied.,,,,10.75,0.098,109.693877551,5.375,,,,
Rubiaceae,Psychotria,horizontalis,2,(2)enquist356,enquist356,x57,offshoot,enquist356,enquist356,2,Sw.,,,,27.3,0.209,130.6220095694,13.65,,,,
Rubiaceae,Psychotria,pubescens,2,(2)enquist414,enquist414,x56,offshoot,enquist414,enquist414,2,Sw.,,,,40.01,0.46,86.9782608696,20.005,,,,
Fabaceae,Pterocarpus,rohrii,1,enquist403,enquist403,x55,offshoot,enquist403,,0,Vahl,,,,71.02,0.532,133.4962406015,35.51,,,,
Rubiaceae,Randia,karstenii,1,enquist260,enquist260,x104,enquist260,,,,Polak,In such poor condition can't make herb  sheet,,,,,,0,,,,
Verbenaceae,Rhedera,trinervis,4,enquist288;enquist215;enquist611;enquist603,enquis215,x103,enquist611;enquist603,enquist215,enquist288,0,,not recognized by IPNI (Genus),,,42.96,0.218,197.0642201835,21.48,,,,
Proteaceae,Roupala,montana,1,enquist311,enquist311,x101,offshoot,enquist311,,0,Willd.,,,,23.4,0.296,79.0540540541,11.7,,,,
Connaraceae,Rourea,glabra,4,enquist388;enquist503;enquist219;enquist619,enquist619,x102,enquist503;enquist388,enquist619,enquist219,0,H.B. & K,,,,33.6,0.319,105.329153605,16.8,,,,
Euphorbiaceae,Sapium,thelocarpum,1,enquist419a,enquist419,x99,offshoot,enquist419,,0,K.Schum.&Pittier,,,,67.05,0.57,117.6315789474,33.525,0.5,,,
Annonaceae,Sapranthus,palanga,2,(2)enquist445,enquist445,x100,offshoot,enquist445,enquist445,0,R.E.Fr.,,,,172.86,0.724,238.7569060773,86.43,,,,
Olacaceae,Schoepfia,schreberi,2,enquist206;enquist256,enquist206,x98,enquist256,enquist206,,0,J.F.Gmel.,leaves all fell of 256,,,26.28,0.215,122.2325581395,13.14,0.7,,,
Euphorbiaceae,Sebastiania,pavoniana,2,(2)enquist430,enquist430,x97,offshoot,enquist430,enquist430,2,Mull.Arg.,,,,31.84,0.101,315.2475247525,15.92,,,,
Fabaceae,Senna,hayesiana,2,(2)enquist440,enquist440,x95,offshoot,enquist440,enquist440,0,(Britton & Rose) H.S.Irwin & Barneby,,,,97.31,0.275,353.8545454545,48.655,,,,
Sapindaceae,Serjania,schiedeana,1,enquist140,enquist140,x93,,enquist140,,0,Schltdl.,,,,,,,0,,,,
Simaroubaceae,Simarouba,glauca,2,enquist138,enqusit138,x92,enquist663,enquist138,,0,DC.,,,,27.57,0.323,85.3560371517,13.785,0.68,,,
Elaeocarpaceae,Sloanea,terniflora,3,enquist396;enquist344;nonumb,enquist396,x91,nonumb,enquist396,enquist344,1,Standl.,,,,82.27,0.707,116.3649222065,41.135,,,,
Solanaceae,Solanum,hazenii,5,(4)enquist134;enquist226,enquist134,x90,enquist226;(3)enquist134,enquist134,enquist134,5,Britton,,,,193.22,1.294,149.3199381762,96.61,,,,
Apocynaceae,Stemmadenia,obovata,2,enquist662;enquist602,enquist662,x89,offshoot,enquist662,enquist602,0,K.Schum. in Engl. & Prantl,,,,81.23,0.437,185.881006865,40.615,,,,
Malvaceae,Sterculia,apetala,1,enquist324,enquist324,x88,enquist324,,,0,Druce,specimen in poor condition,,,,,,0,,,,
Fabaceae,Swartzia,cubensis,3,enquist191;enquist646;enquist640,enquist191,x87,enquist640,enquist191,enquist646,0,Standl.,,,,44.81,0.206,217.5242718447,22.405,,,,
Meliaceae,Swietenia,macrophylla,2,enquist248b;enquist308,enquist248,x86,offshoot,enquist248,enquist308,0,King in Hook.,changed to248b from 248,,,39.02,0.259,150.6563706564,19.51,,,,
Bignoniaceae,Tabebuia,impetiginosa,2,(2)enquist436,enquist436,x85,offshoot,enquist436,enquist436,0,(Mart.)Standl.,,,,73.01,0.226,323.0530973451,36.505,,,,
Bignoniaceae,Tabebuia,ochracea,2,enquist607;nonumb,enquist607,x84,offshoot,enquist607,nonumb,0,(Cham.)Standl.,,,,110.91,0.425,260.9647058824,55.455,0.975,,,
Apocynaceae,Thevetia,ovata,2,(2)enquist441,enquist441,x83,enquist441,,enquist441,0,A.DC.,most leaves have fallen off,,,117.89,0.484,243.5743801653,58.945,,,,
Sapindaceae,Thouinia,decandra,6,(2)enquist341;(3)enquist506;enquist239,enquist506,x82,(2)enquist506;(2)enquist341,enquist506,enquist239,0,Humb.&Bonpl.,,,,30.62,0.197,155.4314720812,15.31,,,,
Meliaceae,Trichilia,americana,1,enquist417,enquist417,x81,offshoot,enquist417,,0,(Sessé & Mociño) T.D.Penn.,,,,24.28,0.125,194.24,12.14,0.44,,,
Meliaceae,Trichilia,hirta,2,enquist150;enquist601,enquist601,x80,offshoot,enquist601,enquist150,0,L.,,,,15.37,0.081,189.7530864198,7.685,,,,
Meliaceae,Trichilia,tomentosa,2,enquist668;enquist371,enquist371,x78,enquist668,enquist371,,0,H.B. & K,,,,94.96,0.682,139.2375366569,47.48,,,,
Meliaceae,Trichilia,trifolia,3,enquist608;(2)enquist187,enquist187,x79,enquist608,equist187,enquist187,1,L.,,,,23.78,0.105,226.4761904762,11.89,,,,
Moraceae,Trophis,racemosa,4,nonumb;(2)enquist650;enquist645,enquist645,x77,enquist650;nonumb,enquist645,enquist650,0,(L.)Urb.,,,,87.91,0.624,140.8814102564,43.955,,,,
Asteraceae,Vernonia,triflosculosa,1,enquist355,enquist355,x76,offshoot,enquist355,enquist355,0,Kunth.,,,,32.2,0.138,233.3333333333,16.1,,,,
Olacaceae,Ximenia,americana,4,enquist273(?);enquist336;enquist277;enquist362,,x75,enquist362;enquist277;enquist336;enquist273,,enquist273,0,L.,,,,35.28,0.372,94.8387096774,17.64,,,,
Bignoniaceae,Xylophragma,costaricense,2,(2)enquist367,enquist367,x73,offshoot,enquist637,enquist637,0,,unrecognized specific epiteth,,,51.23,0.236,217.0762711864,25.615,,,,
Bignoniaceae,Xylophragma,seemanniana,2,(2)enquist509,enquist509,x74,offshoot,enquist509,enquist509,0,(Kuntze)Sandwith,,,,111.73,0.605,184.6776859504,55.865,,,,
Salicaceae,Xylosma,flexuosum,3,enquist345;enquist346;enquist372,enquist346,x72,enquist372,enquist346,enquist345,0,Hemsl.,,,,21.55,0.144,149.6527777778,10.775,,,,
Rutaceae,Zanthoxylum,setulosum,2,(2)enquist231,enquist231,x71,offshoot,enquist231,enquist231,2,P.Wilson,,,,31.22,0.192,162.6041666667,15.61,,,,
Rhamnaceae,Ziziphus,guatemalensis,2,(2)enquist297,enquist297,x69,offshoot,enquist297,enquist297,,Hemsl.,,,,13.29,0.197,67.461928934,6.645,,,,
Salicaceae,Zuelania,guidonia,1,enquist331,enquist331,x70,offshoot,enquist331,,0,Britton&Millsp.,,,,264.7,1.226,215.9053833605,132.35,,,,
