Plot,Line,Tag,DIS,LOC,POM,DTN,DGH,DBH,Morpho,Main Stem,Notes
SW,1,1001,0.01,R,,,1.4,,,,
SW,1,1002,0.05,RR,,,,23.5,,,
SW,1,1003,0.05,RR,,,,21.6,,,PINK BARK
SW,1,1004,0.9,C,,,1.3,,,,
SW,1,1005,2.4,C,,,1.8,,,,
SW,1,1006,3.4,R,,,1.3,,,,SPINY RINE
SW,1,1007,,RR,,,2.1,,,,
SW,1,1008,4.7,C,,,1.3,,,,
SW,1,1009,5,C,,,2.5,,,STEM OF 1011,
SW,1,1010,6.5,R,,,,1,,,ASTERACEAE
SW,1,1011,5,C,,,1.3,,,MAIN STEM,
SW,1,1012,5,C,,,1.2,,,STEM OF 1011,
SW,1,1013,8.2,L,,,,2.4,,,
SW,1,1014,6.6,,,,1.2,,,,
SW,1,1015,10.3,L,,,1.1,,,,
SW,1,1016,10.3,R,,,1.1,,,,
SW,1,1017,11.1,LL,,,,5.8,,MAIN STEM,
SW,1,1018,11.1,LL,,,,2.4,,STEM OF 1017,
SW,1,1019,12.3,R,,,,3.4,,,
SW,1,1020,12.2,L,,,1.6,,,,
SW,1,1021,14.1,L,,,1.1,,,,
SW,1,1022,16.1,R,,,,12.1,CAPPARIS,,
SW,1,1023,16.9,R,,,3.3,,,,MULTICOLORED ROOT
SW,1,1024,19.7,L,,,2.2,,,,
SW,1,1025,19.9,C,,,2.9,,,,
SW,1,1026,21,C,,,,11.6,,,
SW,1,1027,19.5,LL,,,1.1,,,,
SW,1,1028,23.1,LL,,,1.3,,,,
SW,1,1029,23,RR,,,1.2,,,,
SW,1,1030,24.1,RR,,,2,,,,
SW,1,1031,24.4,C,,,1.1,,,,
SW,1,1032,25.1,L,,,1,,,,
SW,1,1033,25.1,LL,,,1,,,,
SW,1,1034,26.1,RR,,,1.4,,,,
SW,1,1035,26.4,LL,,,1,,,,
SW,1,1036,27.3,LL,,,,1.3,,,
SW,1,1037,27.5,C,,,1.9,,,,
SW,1,1038,28,L,,,,7.7,,,
SW,1,1039,29.6,LL,,,,6.9,,MAIN STEM,
SW,1,1040,29.6,LL,,,,2.4,,STEM OF 1039,
SW,1,1041,29.6,LL,,,,1.4,,STEM OF 1039,
SW,1,1042,29.6,LL,,,,2,,STEM OF 1039,
SW,1,1043,29.6,LL,,,,1.2,,STEM OF 1039,
SW,1,1044,31.3,R,,,,1.1,,,
SW,1,1045,32.2,R,,,,2,ACACIA,,
SW,1,1046,33.1,L,,,,7,,,
SW,1,1047,33.1,L,,,,3.9,CAPPARIS,,
SW,1,1048,34.8,LL,,,1.1,,,,
SW,1,1049,35.2,RR,,,,8.5,,MAIN STEM,
SW,1,1050,35.2,RR,,,,1.2,,STEM OF 1049,
SW,1,1051,35.8,L,,,2.2,,,,
SW,1,1052,35.5,RR,,,2.4,,,,
SW,1,1053,38.2,L,,,,2.9,,MAIN STEM,
SW,1,1054,38.2,L,,,,1.7,,STEM OF 1053,
SW,1,1055,39.55,RR,,,,1.6,RUBIACEAE,,
SW,1,1056,43.9,,,,,6.3,,,
SW,1,1057,44.7,R,,,1.1,,,,
SW,1,1058,45.4,LL,,,1,,,,
SW,1,1059,46.1,L,,,1.4,,,,
SW,1,1060,44.6,R,,,1.1,,,,
SW,1,1061,44.8,LL,,,1,,,,
SW,1,1062,45.8,,,,,4.7,,MAIN STEM,
SW,1,1063,45.8,,,,,4.4,,STEM OF 1062,
SW,1,1064,45,,,,1.1,,,,
SW,1,1065,45.2,C,,,1,,,,
SW,1,1066,46.8,LL,,,1,,,,
SW,1,1067,47.8,LL,,,1,,,,
SW,1,1068,49,R,,,1.2,,,,
SW,2,1069,1.2,C,,,,2.8,,,
SW,2,1070,3,C,,,1,,,,
SW,2,1071,4,RR,,,1.8,,,,
SW,2,1072,5,C,,,1,,,,
SW,2,1073,6.1,L,,,1.2,,,,
SW,2,1074,7.8,R,,,1.2,,LIANA,,
SW,2,1075,8,R,,,2,,SAPINDACEAE,,
SW,2,1076,8.1,L,,,1.8,,,MAIN STEM,
SW,2,1077,8.1,L,,,1,,,STEM OF 1076,
SW,2,1078,8.7,RR,,,1,,LIANA,,
SW,2,1079,8.8,C,,,1.9,,,,
SW,2,1080,9.1,RR,,,1.4,,LIANA,,
SW,2,1081,9.9,R,,,12.2,,,,
SW,2,1082,9.8,R,,,1.5,,,,
SW,2,1083,10.6,R,,,1.7,,,,
SW,2,1084,10.6,C,,,2.9,,,,
SW,2,1085,11,C,,,2,,,,
SW,2,1086,11.8,RR,,,,2.3,,,
SW,2,1087,12,L,,,1.6,,,,
SW,2,1088,12.4,L,,,1.2,,,,
SW,2,1089,12.6,C,,1.1,,,,,
SW,2,1090,13,R,,,,1.3,,,
SW,2,1091,13.1,L,,,1.4,,,,
SW,2,1092,13.3,R,,,,1.2,,,
SW,2,1093,14.4,C,,,2.1,,,,
SW,2,1094,4,R,,,,3.1,,,
SW,2,1095,14.3,C,,,,3.5,,,
SW,2,1096,14.1,RR,,,1.2,,LIANA,,
SW,2,1097,14.7,L,,,1.9,,,,
SW,2,1098,15.5,C,,,,1.7,SAPINDACEAE,MAIN STEM,
SW,2,1099,18.7,R,,,,2.5,,,
SW,2,1100,15.5,R,,,,1.2,,STEM OF 1098,
SW,2,1101,19.3,L,,,,18,,MAIN STEM,
SW,2,1102,19.3,L,,,,1.5,,STEM OF 1101,
SW,2,1103,19.8,C,,,1.5,,,,
SW,2,1104,20.6,R,,,,12.6,,,
SW,2,1105,21.8,C,,,1,2.4,,,
SW,2,1106,21.8,C,,,,1.2,,,
SW,2,1107,22.6,L,,,1.8,,LIANA,,
SW,2,1108,23.4,C,,,,1.5,,,
SW,2,1109,21.2,RR,,,1.1,,,,
SW,2,1110,23.4,L,,,1.4,,,,
SW,2,1111,22.8,R,,,,2.1,,,
SW,2,1112,22.6,RR,,,,2,,,
SW,2,1113,23.6,RR,,,,1.5,,,
SW,2,1114,23.6,RR,,,1.1,,,,
SW,2,1115,24.6,LL,,,,,,,
SW,2,1116,23.6,R,,,,1.6,,,
SW,2,1117,24.9,L,,,,6.8,,,
SW,2,1118,27.9,R,,,,1.9,,,
SW,2,1119,30,R,,,,2.2,ASTRONIUM GRAVEOLENS,,
SW,2,1120,30.1,RR,,,,2.1,,,
SW,2,1121,26.5,LL,,,4.2,,BLANONLACEAE,,GIANT FALLEN  LIANA
SW,2,1122,28.5,L,,,,1.5,THORNY PALM,,
SW,2,1123,30.8,C,,,,1.1,,,
SW,2,1124,7.5,R,,,2.5,,,,
SW,2,1125,31,L,,,,1.1,,,
SW,2,1126,30.1,R,,,2.8,,,,LIANA ROOT BALE
SW,2,1127,30.8,L,,,,1.8,,,
SW,2,1128,31,C,,,,1.6,THORNY PALM,,ALMOST DEAD BOLE UNDER LOG
SW,2,1129,32.4,L,,,,2,,,
SW,2,1130,31.5,R,,,,1.6,THORNY PALM,,
SW,2,1131,31.5,C,,,,1.3,THORNY PALM,,
SW,2,1132,32.5,L,,,,2.3,THORNY PALM,,
SW,2,1133,31.2,R,,,,1.3,THORNY PALM,,
SW,2,1134,32.5,L,,,,1.5,,,
SW,2,1135,32.5,L,,,,2.3,,,
SW,2,1136,33,L,,,,2.7,THORNY PALM,,
SW,2,1137,32,L,,,,1.9,THORNY PALM,,
SW,2,1138,32.6,L,,,,2.1,THORNY PALM,,
SW,2,1139,32.7,L,,,,2.9,,,
SW,2,1140,32.8,L,,,,2,,,
SW,2,1141,33,L,,,,2.3,,,
SW,2,1142,33,L,,,,2.6,,,
SW,2,1143,33,L,,,,2.5,,,
SW,2,1144,33,L,,,,2.3,,,
SW,2,1145,33,L,,,,2.5,,,
SW,2,1146,33.2,L,,,,2.6,,,
SW,2,1147,33.4,LL,,,,2.6,,,
SW,2,1148,32.5,L,,,1.6,,,,
SW,2,1149,33.3,L,,,,1.7,,,
SW,2,1150,33.5,LL,,,,1.9,,,
SW,2,1151,33.7,LL,,,,1.6,,,
SW,2,1152,32.6,LL,,,,2.7,,,
SW,2,1153,32.6,L,,,,1.8,,,
SW,2,1154,33.7,LL,,,,2.1,,,
SW,2,1155,33.8,LL,,,,2.9,,,
SW,2,1156,32.6,L,,,,1.7,,,
SW,2,1157,33.4,LL,,,,1.9,,,
SW,2,1158,32.5,L,,,,1.5,,,
SW,2,1159,33.5,RR,,,,1.3,THORNY PALM,,
SW,2,1160,35.5,RR,,,1.9,,,,
SW,2,1161,34.5,RR,,,1.9,,,,LIANA BOLE
SW,2,1162,33.5,LL,,,1.1,,,,
SW,2,1163,33.5,LL,,,1.2,,,,
SW,2,1164,35.9,RR,,,1.3,,,,
SW,2,1165,36.3,R,,,,1.6,THORNY PALM,,
SW,2,1168,36.4,C,,,,1.7,,,
SW,2,1167,36.5,L,,,,1.8,,,
SW,2,1168,36.5,C,,,,1.8,,,
SW,2,1169,36.5,C,,,,1.2,,,
SW,2,1170,36,R,,,,2,,,
SW,2,1171,36.6,R,,,,2.1,,,
SW,2,1172,37,L,,,,1.1,,,
SW,2,1173,36.7,RR,,,,9.7,,,
SW,2,1174,37.5,L,,,,2.3,THORNY PALM,,
SW,2,1175,37.5,LL,,,,1.1,THORNY PALM,,
SW,2,1176,37.2,C,,,,1.9,,,
SW,2,1177,37.5,LL,,,,2,,,
SW,2,1178,38.5,RR,,,,2.7,ASTRONIUM GRAVEOLENS,,
SW,2,1179,37.6,C,,,,1.8,,,
SW,2,1180,38.7,R,,,,1.8,THORNY PALM,,
SW,2,1181,38.7,R,,,,2.5,,,
SW,2,1182,39.6,R,,,,1.1,,,
SW,2,1183,39.6,R,,,,1.3,THORNY PALM,,
SW,2,1184,39.3,C,,,,1.4,THORNY PALM,,
SW,2,1185,39.7,R,,,1.6,,,,
SW,2,1186,39.5,RR,,,,1.5,,,
SW,2,1187,40.8,L,,,,1.9,,,
SW,2,1188,39.5,RR,,,,1.1,,,
SW,2,1189,40.8,L,,,,1.7,,,
SW,2,1190,41.1,LL,,,,1.5,,,
SW,2,1191,41,RR,,,,1.4,,,
SW,2,1192,41.3,LL,,,,2.1,,,
SW,2,1193,41,L,,,,1.1,,,
SW,2,1194,41.4,RR,,,,1.8,THORNY PALM,,
SW,2,1195,41.4,RR,,,,1.2,,,
SW,2,1196,41.5,LL,,,1.4,,,,
SW,2,1197,41.5,RR,,,,1.2,,,
SW,2,1198,42.3,C,,,1.5,,,,
SW,2,1199,41.4,RR,,,,1.1,,,
SW,2,1200,42.3,C,,,1.3,,THORNY PALM,,
SW,2,1201,42.4,,,,,1.2,,,
SW,2,1202,42.4,C,,,1.4,,,,
SW,2,1203,42.7,L,,,1.1,,,,
SW,2,1204,43.4,LL,,,1.3,,,,
SW,2,1205,43.4,RR,,,,1,,,
SW,2,1206,43.2,L,,,,1.8,THORNY PALM,,
SW,2,1207,43.4,L,,,,1.7,THORNY PALM,,
SW,2,1208,42.9,C,,,1.2,,LIANA,,
SW,2,1209,43.7,L,,,,2.3,THORNY PALM,,
SW,2,1210,43.1,C,,,,1.4,THORNY PALM,,
SW,2,1211,44.7,C,,,1.8,,THORNY PALM,,
SW,2,1212,43.8,RR,,,,1.3,,,
SW,2,1213,44.7,C,,,,1.4,THORNY PALM,,
SW,2,1214,44.3,R,,,1.1,,LIANA,,
SW,2,1215,44.7,C,,,,1.2,THORNY PALM,,
SW,2,1216,44.5,C,,,,1.4,THORNY PALM,,
SW,2,1217,44.5,R,,,,1.2,,,
SW,2,1218,44.7,C,,,,1.4,,,
SW,2,1219,44.7,C,,,,1.2,,,
SW,2,1220,48,L,,,,1.3,,,
SW,2,1221,46.3,L,,,,1.7,,,
SW,2,1222,48,RR,,,1.1,,LIANA,,
SW,2,1223,46.2,L,,,,1.5,,,
SW,2,1224,46.1,L,,,,1.2,,,
SW,2,1225,46.8,R,,,1.4,,,,
SW,2,1226,45.9,L,,,1.6,,,,
SW,2,1227,42.2,R,,,,2.2,,,
SW,2,1228,47,LL,,,,1.8,,,
SW,2,1229,47.3,LL,,,,2.7,,,
SW,2,1230,47.8,RR,,,,3.6,,,
SW,2,1231,47.2,LL,,,,1.2,,,
SW,2,1232,47.2,LL,,,,2.1,,,
SW,2,1233,48,RR,,,2.4,,,,
SW,2,1234,48.6,RR,,,,1.6,,,
SW,2,1235,47.3,LL,,,,2.4,,,
SW,2,1236,48.7,R,,,,4.1,,,
SW,2,1237,47.9,RR,,,1.6,,,,
SW,2,1238,47.2,LL,,,,2.3,,,
SW,2,1239,48.8,C,,,,1.4,,,
SW,2,1240,49,C,,,,2.2,,,
SW,2,1241,49.8,R,,,1.6,,LAURACEAE,,
SW,2,1242,49,R,,,,2.1,,,
SW,2,1243,51.4,LL,,,1.2,,,,
SW,2,1244,52,LL,,,2.3,,BORAGINACEAE,,
SW,1,1245,10.3,L,,,1,,,,NEAR 1015
SW,1,1246,6.6,R,,,1.1,,,,NEAR 1014
SW,1,1247,38.2,C,,,1,,,,NEAR 1053
SW,1,1248,43.9,RR,,,1,,,,NEAR 1056
SW,1,1249,,C,,,1,,,,NEAR 1073
SW,2,1250,41,R,,,1.1,,,,NEAR 1191
SW,2,1251,40.7,LL,,,,1.3,,,NEAR 1187
SW,2,1252,47.8,RR,,,1.2,,,,BESIDE 1230
SW,3,1253,0.9,C,,,1.1,,,,
SW,3,1254,0,RR,,,1.4,,,,
SW,3,1255,1,C,,,1.9,,,,
SW,3,1256,0.8,C,,,1.6,,,,
SW,3,1257,1.6,L,,,1.2,,,,
SW,3,1258,2.5,RR,,,1.1,,,,
SW,3,1259,0.7,L,,,1.6,,,,
SW,3,1261,2,L,,,1,,,,
SW,3,1260,2.5,RR,,,1.2,,,,
SW,3,1262,2,L,,,1,,,,
SW,3,1263,3.6,R,,,2.3,,,,
SW,3,1264,3.8,C,,,1.2,,LIANA,,
SW,3,1265,3,L,,,1.2,,,,
SW,3,1266,4.8,L,,,1,,,,
SW,3,1268,4.7,L,,,1,,,,
SW,3,1267,5.8,C,,,3,,,,
SW,3,1270,5.5,L,,,,8.3,,,
SW,3,1269,6,C,,,2,,CAPPARIS,,
SW,3,1271,6.4,C,,,1.5,,,,
SW,3,1272,1.4,L,,,1.2,,,,
SW,3,1275,6.8,RR,,,1.5,,CAPPARIS,,
SW,3,1273,3.1,LL,,,1.7,,,,
SW,3,1277,3.6,L,,,3.3,,,,
SW,3,1274,8,RR,,,1,,LIANA,,
SW,3,1278,4.3,L,,,1.5,,,,
SW,3,1276,9.2,R,,,1,,,,
SW,3,1279,5,L,,,2.5,,,,
SW,3,1283,9,L,,,1,,,,
SW,3,1280,5,L,,,2.3,,,,
SW,3,1285,10,C,1.25,,,3.2,,MAIN TRUNK,
SW,3,1284,10,C,1.2,,,2.8,,STEM OF 1285,
SW,3,1281,6,LL,,,,24.5,,MAIN STEM,
SW,3,1282,6,LL,,,,7.7,,STEM OF 1282,
SW,3,1287,9.4,C,,,1.5,,LIANA,,
SW,3,1288,6,L,,,,12.7,,,
SW,3,1286,10.6,L,,,2.2,,,,
SW,3,1289,6.9,LL,,,1.3,,,,
SW,3,1290,8.6,C,,,1,,,,
SW,3,1292,1,L,,,1.2,,,,
SW,3,1291,12,LL,,,1.2,,,,
SW,3,1293,7.5,C,,,2.8,,,,
SW,3,1295,12,RR,,,1,,LIANA,,
SW,3,1294,8.2,L,,,2.5,,,,
SW,3,1296,12,RR,,,1.3,,,,
SW,3,1297,12,L,,,1.4,,,,
SW,3,1301,9.2,C,,,1,,,,
SW,3,1298,12.5,LL,,,1.2,,,,
SW,3,1302,12.9,RR,,,3.3,,,,
SW,3,1299,13.5,L,,,8.5,,,,
SW,3,1300,14,L,,,,7,,,
SW,3,1303,13,R,,,1,,,,
SW,3,1305,14.5,R,,,,2.6,,,
SW,3,1306,15.3,L,,,1.2,,,,
SW,3,1307,15,C,,,1,,,,
SW,3,1308,15.6,RR,,,2.1,,,,
SW,3,1309,16.3,L,,,,2.2,,,
SW,3,1304,16.7,LL,,,1.4,,,,
SW,3,1313,6.6,C,,,1,,,STEM OF 1271,
SW,3,1314,6.6,C,,,1.3,,,STEM OF 1271,
SW,3,1312,17.7,C,,,1,,,,
SW,3,1310,17.2,L,,,1.1,,,,
SW,3,1311,17.4,C,,,,3.4,,,
SW,3,1315,18.1,LL,,,1,,,,
SW,3,1316,18.2,L,,,,1.1,,,
SW,3,1320,19.3,L,,,2,,LIANA,,
SW,3,1321,19.7,R,,,1,,,,
SW,3,1317,19.5,L,,,1,,,,
SW,3,1322,21,R,,,,19.9,,,
SW,3,1318,20.7,C,,,,3.1,,MAIN STEM,
SW,3,1319,20.7,C,,,,2.5,,STEM OF 1318,
SW,3,1325,20.7,C,,,,1,,STEM OF 1318,
SW,3,1323,21.2,R,,,2.5,,,,
SW,3,1324,22,R,,,,4.7,,,
SW,3,1328,21.8,L,,,,6,,,
SW,3,1326,20.7,C,,,,2.4,,STEM OF 1318,
SW,3,1329,22.5,R,,,1,,,,
SW,3,1327,20.7,C,,,,2.1,,STEM OF 1318,
SW,3,1330,22.7,R,,,1.1,,,,
SW,3,1333,20.7,C,,,,1.9,,STEM OF 1318,
SW,3,1334,23.4,C,,,1.1,,,,
SW,3,1332,22.3,LL,,,,2.3,,,
SW,3,1336,24.4,L,,,1.3,,,,
SW,3,1331,25.3,R,,,,2.7,,,
SW,3,1335,28.4,L,,,1.4,,,,
SW,3,1337,27,LL,,,,3.3,,MAIN STEM,
SW,3,1340,27,LL,,,,1.8,,STEM OF 1337,
SW,3,1341,27,LL,,,,2,,STEM OF 1337,
SW,3,1339,28.2,L,,,1.3,,,MAIN STEM,
SW,3,1338,28.2,L,,,1,,,STEM OF 1339,
SW,3,1342,27.3,L,,,1.3,,,,
SW,3,1344,28.5,R,,,2.4,,,,
SW,3,1343,29,C,,,1,,,,
SW,3,1345,29,RR,,,1.2,,,MAIN STEM,
SW,3,1346,29,RR,,,1.4,,,STEM OF 1345,
SW,3,1350,29,RR,,,1.1,,,STEM OF 1345,
SW,3,1347,30.5,L,,,1.1,,,,
SW,3,1348,30.5,C,,,,2,,,
SW,,1349,31.4,C,,,1.7,,,,
SW,3,1352,31.8,RR,,,,1.5,,MAIN STEM,
SW,3,1351,31.8,RR,,,,1.5,,STEM OF 1352,
SW,3,1355,32.3,L,,,1,,,,
SW,3,1353,31.5,R,,,1.1,,,,
SW,3,1356,34,L,,,1,,,,
SW,3,1357,34,C,,,,8,,MAIN STEM,
SW,3,1358,34,C,,,,1.9,,STEM OF 1357,
SW,3,1362,34,C,,,,1,,STEM OF 1357,
SW,3,1364,34,C,,,,1.7,,STEM OF 1357,
SW,3,1360,34.6,RR,,,,2.8,,MAIN STEM,
SW,3,1359,34.6,RR,,,,2.5,,STEM OF 1359,
SW,3,1361,35.4,R,,,,1.4,,,
SW,3,1365,37.6,RR,,,,1.1,,,
SW,3,1363,37.6,C,,,,2.2,,,
SW,3,1371,38,RR,,,,4.8,,,
SW,3,1372,39,RR,,,,1.8,,,
SW,3,1367,38.7,LL,,,,2.8,,,
SW,3,1373,40,RR,,,1.3,,,,
SW,3,1374,40,RR,,,1.9,,,,
SW,3,1366,40.5,LL,,,2.4,,,,
SW,3,1368,39.9,L,,,2.7,,,,
SW,3,1375,41.5,R,,,,10.8,,,
SW,3,1369,43,L,,,,1.3,,MAIN STEM,
SW,3,1376,41.7,R,,,1.1,,,,
SW,3,1377,42,RR,,,1.5,,,,
SW,3,1378,43,L,,,,3.5,,STEM OF 1369,
SW,3,1381,44,R,,,1,,,,
SW,3,1382,44,R,,,1,,,,
SW,3,1349,44.8,LL,,,1.5,,,,
SW,3,1383,45,R,,,1.2,,,,
SW,3,1380,46.1,LL,,,1.8,,,,
SW,3,1384,46.7,C,,,1,,,,
SW,3,1385,49.6,LL,,,,3.8,,,
SW,3,1386,49,L,,,,4.9,,,
SW,3,1388,49,LL,,,1,,,,
SW,3,1387,48.9,C,,,1.9,,,,
SW,4,1389,0,L,,,1.4,,,,
SW,4,1391,1,L,,,,10,,MAIN STEM,
SW,4,1390,0,L,,,1,,,,
SW,4,1392,1,L,,,,4.3,,STEM OF 1391,
SW,4,1394,2,C,,,,14.9,,,
SW,4,1393,4,C,,,,3.3,LIANA,,
SW,4,1398,2.5,RR,,,,170,,,
SW,4,1396,3.9,LL,,,1.3,,,,
SW,4,1397,5.4,C,,,,1.1,,,
SW,4,1399,6.7,C,,,2,,,,
SW,4,1400,6.9,C,,,1.5,,,,
SW,4,1395,7,C,,,,1,,,
SW,4,1401,7.5,R,,,2.1,,,,
SW,4,1405,8,RR,,,1.9,,,,
SW,4,1406,7.5,RR,,,1,,,,
SW,4,1402,8.1,L,,,1.3,,,,
SW,4,1403,8.2,LL,,,1.5,,,,
SW,4,1404,11.2,L,,,1,,,,
SW,4,1410,11.9,RR,,,,1.7,,MAIN STEM,
SW,4,1407,11.9,RR,,,,2.6,,STEM OF 1410,
SW,4,1408,12.1,LL,,,1.9,,,,
SW,4,1409,12.2,L,,,1.7,,,,
SW,4,1414,12.3,LL,,,1,,,,
SW,4,1412,13,C,,,,4.6,,,
SW,4,1415,12.7,L,,,1.5,,,,
SW,4,1411,13.1,C,,,1.3,,,,
SW,4,1416,12.9,LL,,,,1.3,,,
SW,4,1413,13.9,R,,,1.1,,,,
SW,4,1417,14,LL,,,2.1,,,,
SW,4,1418,14.3,C,,,1,,,,
SW,4,1422,14.7,L,,,1.4,,,,
SW,4,1421,15.2,C,,,,2.9,,MAIN STEM,
SW,4,1419,15.2,C,,,,3.3,,STEM OF 1421,
SW,4,1420,15.2,C,,,,2.8,,STEM OF 1421,
SW,4,1425,15.2,C,,,,1.3,,STEM OF 1421,
SW,4,1426,15.2,C,,,,2.1,,STEM OF 1421,
SW,4,1423,16.4,R,,,1.4,,,,
SW,4,1427,15.4,R,,,1.2,,,,
SW,4,1432,16.5,L,,,,1.4,,,
SW,4,1424,17.2,C,,,1.2,,,,
SW,4,1433,17.3,R,,,1.7,,,,
SW,4,1434,17.8,C,,,,1.3,,,
SW,4,1435,17.8,C,,,1.3,,,,
SW,4,1428,18.3,C,,,1.8,,,,
SW,4,1436,18.1,L,,,1.3,,,,
SW,4,1430,18.1,L,,,1.1,,,,
SW,4,1437,18.1,RR,,,1.4,,,,
SW,4,1431,18.8,R,,,1.7,,,,
SW,4,1440,18.8,R,,,1.9,,,,
SW,4,1442,19.2,C,,,1.2,,,,
SW,4,1438,20.3,RR,,,1.4,,,,
SW,4,1441,19.8,C,,,1,,,,
SW,4,1429,19.8,C,,,1.5,,,,
SW,4,1439,20,RR,,,1.5,,,,
SW,4,1443,19.8,LL,,,2.2,,,,
SW,4,1444,20.5,LL,,,1.2,,,,
SW,4,1448,20.4,R,,,,1.1,,,
SW,4,1445,21.2,R,,,,1.3,,,
SW,4,1449,21.3,LL,,,,6.1,LIANA,,
SW,4,1451,21.3,LL,,,,2,,,
SW,4,1446,21.5,R,,,1,,,,
SW,4,1450,22.4,L,,,1.4,,,,
SW,4,1452,22.4,L,,,1.1,,,,
SW,4,1447,22.3,RR,,,,1,,,
SW,4,1453,22.2,LL,,,,15.6,LIANA,MAIN STEM,
SW,4,1454,24,L,,,1.9,,,,
SW,4,1456,22.9,RR,,,1.9,,,STEM OF 1453,
SW,4,1455,24.7,LL,,,1.5,,,,
SW,4,1461,,,,,1.3,,,,
SW,4,1457,24.6,RR,,,,2.8,,STEM OF 1453,
SW,4,1462,24.7,L,,,1,,,,
SW,4,1463,24.9,L,,,1.6,,,,
SW,4,1458,25.5,RR,,,,1.1,,,
SW,4,1464,25.5,L,,,1.9,,,,
SW,4,1465,26.7,RR,,,1,,,,
SW,4,1466,26.7,RR,,,1.1,,,,
SW,4,1459,26.3,R,,,,1.8,,,
SW,4,1467,26.8,L,,,,1.4,,,
SW,4,1468,28.6,L,,,,2.1,,,
SW,4,1460,26.6,RR,,,1.1,,,,
SW,4,1469,26.5,RR,,,,2.1,,,
SW,4,1470,26.8,R,,,,2.1,,,
SW,4,1471,26.8,RR,,,,2.1,,,
SW,4,1473,26.8,RR,,,,2.3,,,
SW,4,1472,26.8,R,,,,2.3,,,
SW,4,1474,27,R,,,,3.1,,,
SW,4,1475,27.7,L,,,1.3,,,,
SW,4,1476,27.7,L,,,1,,,,
SW,4,1477,28.5,R,,,1,,,,
SW,4,1478,29,LL,,,,1.4,,,
SW,4,1479,29.9,L,,,,1.2,,MAIN STEM,
SW,4,1480,30.8,R,,,,1.1,,STEM OF 1483,
SW,4,1481,29.9,L,,,,1.1,,STEM OF 1479,
SW,4,1485,30,L,,,,3.5,,,
SW,4,1483,30.7,R,,,,2.1,,MAIN STEM (1480),
SW,4,1486,32.3,C,,,,2.2,,MAIN STEM,
SW,4,1487,30.8,C,,,,1,,STEM OF 1486,
SW,4,1484,31.6,R,,,,1.4,,,
SW,4,1490,31.6,L,,,,2,,,
SW,4,1493,32,L,,,,2,,,
SW,4,1491,32.4,R,,,,1.2,,,
SW,4,1488,31.7,L,,,,1.8,,,
SW,4,1489,31.7,R,,,,1.3,,,
SW,4,1494,31.8,L,,,,1.4,,,
SW,4,1495,32.5,L,,,,1.3,,,
SW,4,1492,32.5,R,,,,1.6,,,
SW,4,1496,32.5,L,,,,1.5,,,
SW,4,1498,32.6,R,,,,1.3,,,
SW,4,1497,32.7,L,,,,1.4,,,
SW,4,1499,32.7,L,,,,1.2,,,
SW,4,1500,32,R,,,1.4,,,,
SW,4,1501,14.7,C,,,1.1,,,,
SW,4,1502,15,C,,,1.3,,,,
SW,4,1503,15.4,C,,,1.3,,,,
SW,4,1504,33.5,RR,,,1.2,,,,
SW,4,1508,33.7,L,,,,1.4,,,
SW,4,1509,33.5,L,,,,1.6,,,
SW,4,1505,33.4,R,,,,1.2,,,
SW,4,1510,34.9,C,,,1,,,,
SW,4,1511,34.5,C,,,,5.6,,,
SW,4,1506,33.5,L,,,,1.5,,,
SW,4,1512,36.2,L,,,,6.2,,MAIN STEM,
SW,4,1513,36.2,L,,,,3.8,,STEM OF 1512,
SW,4,1518,36.2,L,,,,2.8,,STEM OF 1512,
SW,4,1509,34.1,L,,,1.1,,,,
SW,4,1520,36.3,L,,,,7.5,,,
SW,4,1514,34.2,LL,,,2.5,,,,
SW,4,1519,36.4,C,,,1.5,,,,
SW,4,1515,34.8,L,,,1.1,,,,
SW,4,1521,37,L,,,1,,,,
SW,4,1522,38,C,,,,1.1,,,
SW,4,1523,39.2,C,,,,1.7,,,
SW,4,1524,39.1,L,,,1.1,,,,
SW,4,1525,39.4,L,,,,4.6,,MAIN STEM,
SW,4,1526,39.4,L,,,,1.5,,STEM 0F 1526,
SW,4,1516,38,C,,,1.5,,,,
SW,4,1527,38.7,C,,,,1.3,LIANA,,
SW,4,1517,39,R,,,1.4,,,,
SW,4,1529,40.3,L,,,1.2,,,,
SW,4,1528,40.3,L,,,1.5,,,,
SW,4,1530,40.4,RR,,,1.7,,,,
SW,4,1535,41.8,R,,,,9.6,,,
SW,4,1537,42.4,R,,,1.1,,,,
SW,4,1531,40.8,R,,,1,,,,
SW,4,1536,43.7,RR,,,1.7,,,,
SW,4,1540,43.2,LL,,31.5 CM ABOVE WASTE,,75,,,
SW,4,1532,41.2,C,,,1,,,,
SW,3,1533,3.1,R,,,1,,,,"*DAY THAT WE ""TRIPLE-CHECKED"""
SW,3,1533,10.2,R,,,1.7,,,,
SW,3,1535,0.2,L,,,1,,,,
SW,3,1539,0.8,LL,,,1,,,,
SW,3,1541,12,R,,,1.1,,,,
SW,3,1542,3.2,R,,,1,,,,
SW,3,1543,12.8,L,,,1,,,,
SW,3,1544,12.8,L,,,1,,,,
SW,3,1545,12.2,LL,,,1.4,,,,
SW,3,1546,7.6,L,,,1.2,,,,
SW,3,1547,13.4,L,,,1,,,,
SW,3,1548,12.8,LL,,,1.1,,,,
SW,3,1549,13.3,RR,,,1.1,,,,
SW,3,1550,16.5,L,,,1,,,,
SW,3,1551,16,L,,,1,,,,
SW,3,1552,16.3,L,,,1.2,,,,
SW,3,1553,16.6,C,,,1,,,,
SW,3,1554,16.3,L,,,,2.1,,STEM OF 1309,
SW,3,1555,20.3,C,,,1,,,,
SW,3,1556,16.3,L,,,,1.3,,STEM OF 1309,
SW,3,1557,18.2,L,,,,1.1,,STEM OF 1316,
SW,3,1558,25,C,,,1,,,,
SW,3,1559,22.5,L,,,1.2,,,,
SW,3,1560,29,R,,,1.2,,,,
SW,3,1561,30.3,R,,,,1,,STEM OF 1348,
SW,3,1563,30,R,,,1,,,,
SW,3,1562,30,R,,,1,,,,
SW,3,1564,32.8,R,,,1,,,,
SW,3,1565,34,R,,,1,,,,
SW,3,1567,40,RR,,,1,,,STEM OF 1374,
SW,3,1569,30.1,RR,,,1,,,,
SW,3,1568,30.4,R,,,1.5,,,,
SW,3,1566,30.7,R,,,1,,,,
SW,3,1570,31,R,,,1.4,,,,
SW,3,1370,41.2,R,,,,1.4,,,
SW,3,1354,54.2,RR,,,1.1,,,,
SW,3,1571,57.4,C,,,1,,,,
SW,4,1572,4,L,,,,1.2,LIANA,STEM OF 1393,
SW,4,1573,4.2,RR (OUT),,,,1,LIANA,,TAG OUTSIDE
SW,4,1574,4.7,R,,,,1.3,,,
SW,4,1575,7.6,C,,,1,,,,
SW,4,1576,6.9,R,,,1,,,,
SW,4,1577,10.6,R,,,,1.1,,STEM 1407 1410,
SW,4,1578,10.6,R,,,,2.4,,MAIN 1577,
SW,4,1579,10.9,C,,,1,,,,
SW,4,1581,14.2,LL,,,1,,,,
SW,4,1580,23.3,R,,,1,,,,
SW,4,1582,24.5,RR,,,,1.5,,STEM OF 1453,OUT OF PLOT
SW,4,1583,29,L,,,1,,,,
SW,4,1584,34.1,C,,,1,,,,
SW,4,1585,35.6,L,,,,1.4,,STEM OF 1512,
SW,4,1586,35.6,L,,,,1.1,,STEM OF 1512,
SW,4,1587,35.8,L,,,1,,,,
SW,4,1588,36.5,C,,,1,,,,
SW,4,1589,36.8,L,,,1.1,,,,
SW,4,1590,37.6,L,,,1,,,,
SW,4,1591,37.3,RR,,,1,,,,
SW,4,1592,38.5,RR,,,1.1,,,,
SW,4,1593,38.3,RR,,,,1.2,,,
SW,4,1594,40.3,L,,,1.1,,,,
SW,4,1595,41.2,R,,,1,,,,
SW,4,1596,41.7,L,,,1,,,,
SW,4,1597,42.2,C,,,,1.5,,,
SW,4,1598,42.3,LL,,,1,,,,
SW,4,1599,45,RR,,,1.5,,,,
SW,4,1600,45.1,C,,,2,,,MAIN STEM,
SW,4,1601,46.1,L,,,1,,,STEM (1600),
SW,4,1602,47.3,L,,,,5,LIANA,MAIN STEM,
SW,4,1603,45.4,C,,,,1.5,LIANA,,
SW,4,1604,47.3,L,,,,1,LIANA,STEM (1602),
SW,4,1605,46.5,C,,,,1.5,,,
SW,4,1606,46.6,RR,,,1.2,,,,
SW,4,1608,49.2,RR,,,1,,,,
SW,4,1607,48.2,L,,,1.1,,,,
SW,4,1609,49,RR,,,1,,,,
SW,4,1610,49,RR,,,1.3,,,,
SW,4,1611,47.2,L,,,,1.5,,STEM OF 1602,
SW,4,1613,49.3,C,,,1,,,,
SW,4,1612,48.9,C,,,,1.5,,STEM OF 1602,
SW,4,1614,47,L,,,,1.1,LIANA,,
SW,4,1615,50,R,,,1,,,,
SW,4,1616,50.1,R,,,1.4,,,,
SW,4,1617,50.1,C,,,1.5,,,,
SW,4,1618,50,L,,,,26,,,
SW,4,1619,50,,,,1,,,,
SW,5,1620,1.5,R,,,,2.9,LIANA,,
SW,5,1621,2.6,R,,,,5.4,,,
SW,5,1623,2.1,RR,,,,4,LIANA,,1622 UNUSED OR MISSING TAG
SW,5,1624,4.3,C,,,,2.3,,,
SW,5,1627,2.6,C,,,2.9,,,,
SW,5,1625,3.4,L,,,1.1,,LIANA,,
SW,5,1626,4.8,R,,,2,,LIANA,,
SW,5,1629,6,C,,,1.6,,,,
SW,5,1630,7.4,R,,,1.8,,,,
SW,5,1631,7.6,L,,,1.4,,,,
SW,5,1632,8.1,C,,,1,,,,
SW,5,1633,8.6,LL,,,1.2,,,,
SW,5,1635,9.4,L,,,2.8,,BONELLIA,,
SW,5,1634,10.3,L,,,18.4,,BROMELIACEAE,,
SW,5,1634,12,R,,,1.4,,,,
SW,5,1637,14.5,L,,,,37,,,
SW,5,1638,13.6,C,,,1.2,,,,
SW,5,1639,13.6,L,,,1.2,,LIANA,,
SW,5,1640,12.5,RR,,,1.9,,CAPPARIS,,
SW,5,1641,14.9,R,,,1.7,,LIANA,,
SW,5,1622,14.9,R,,,1.3,,LIANA,,
SW,5,1628,15.4,R,,,2.3,,,,
SW,5,1642,16.1,C,,,,7,LIANA,,
SW,5,1643,16.2,R,,,7,,LIANA,,
SW,5,1644,16.6,C,,,,4,LIANA,,
SW,5,1645,16.5,L,,,,4.8,LIANA,,
SW,5,1646,16.5,L,,,,11.6,,,
SW,5,1647,17.2,L,,,1,,,,
SW,5,1648,17.9,C,,,1.2,,,,
SW,5,1649,18,RR,,,,9.8,,,
SW,5,1650,18.5,R,,,1.4,,,,
SW,5,1651,19.4,C,,,1.5,,LIANA,,
SW,5,1652,19.7,L,,,,22.3,,,
SW,5,1654,19.6,R,,,1.3,,,,
SW,5,1653,20.7,R,,,,3.4,LIANA,,
SW,5,1655,21.2,C,,,1.1,,,,
SW,5,1656,21.7,C,,,1.1,,,,
SW,5,1657,21.3,L,,,1,,LIANA,,
SW,5,1658,22.2,LL,,,,2.2,,,
SW,5,1659,20,L,,,1.1,,,,
SW,5,1660,19.9,LL,,,1.9,,,,
SW,5,1661,22,R,,,1.1,,,,
SW,5,1662,22.7,R,,,1.4,,,,
SW,5,1663,22.1,R,,,1.1,,,,
SW,5,1664,23.1,L,,,1.1,,,,
SW,5,1665,23.7,R,,,1.2,,,,
SW,5,1666,24.6,RR,,,1.3,,,,
SW,5,1667,25.8,C,,,,4.8,,STEM OF 1667,
SW,5,1668,25.8,C,,,,1,,STEM OF 1669,
SW,5,1669,25.8,C,,,,1.6,LIANA,,
SW,5,1670,25.8,C,,,,1.4,LIANA,,
SW,5,1671,25.8,C,,,,1.5,,,
SW,5,1672,26.3,R,,,,1,,,
SW,5,1673,27.1,RR,,,,1.1,,,
SW,5,1674,27.1,C,,,1.3,,,,
SW,5,1675,27.1,L,,,1.5,,,,
SW,5,1676,28.6,L,,,,1.8,,,
SW,5,1677,28.7,R,,,1.6,,,,
SW,5,1678,28.9,RR,,,1.5,,,,
SW,5,1679,30.4,C,,,,1.3,,,
SW,5,1680,32,L,,,,2.2,,,
SW,5,1681,32,L,,,,1.2,,STEM OF 1680,
SW,5,1682,31.2,R,,,1.1,,LIANA,,
SW,5,1683,31.2,R,,,,4,,MAIN STEM,
SW,5,1684,31.2,R,,,,2.4,,,
SW,5,1685,31.2,R,,,,2.7,,,
SW,5,1696,32.3,C,,,,2.5,,STEM OF 1695,
SW,5,1695,32.3,C,,,,2.5,,STEM OF 1696,
SW,5,1686,32.7,RR,,,,1.4,,STEM OF 1687,
SW,5,1687,32.7,RR,,,,2.2,,STEM OF 1686,
SW,5,1688,33.6,C,,,1,,,,
SW,5,1689,35,L,,,1,,,,
SW,5,1690,35,L,,,1.3,,,,
SW,5,1691,35.5,C,,,,1.2,,,
SW,5,1692,37.7,C,,,1.1,,,,
SW,5,1693,37.7,L,,,1.1,,,,
SW,5,1694,38,C,,,,79.5,MANILKARA CHICLE,,
SW,5,1698,39.5,LL,,,,27.2,BURSERA SIMARUBA,,
SW,5,1699,41.3,RR,1.4,,,16.9,,,LIANA ON STEM
SW,5,1700,41.3,L,,,,1.8,LIANA,,
SW,5,1901,42.5,R,,,,2.6,,,
SW,5,1697,43.9,LL,,,,1.6,,MAIN STEM,
SW,5,1902,44.5,R,,,,4.1,,,
SW,5,1903,45.5,L,,,,1.3,,,
SW,5,1904,45.8,LL,,,,5.4,,,
SW,5,1905,47,R,,,2.1,,,,
SW,5,1906,46.3,L,,,1,,,,
SW,5,1907,48.6,LL,,,,1.8,,,
SW,5,1908,48.6,LL,,,,1.7,,STEM OF 1907,
SW,5,1909,48.6,LL,,,,1.5,,STEM OF 1907,
SW,5,1910,48.4,R,,,1.9,,,,
SW,5,1911,48.4,R,,,,7.9,,,
SW,5,1912,48.6,R,,,1,,,,
SW,5,1913,48.6,R,,,1.1,,,,
SW,5,1914,48.8,LL,,,1.1,,,,
SW,5,1915,50+,C,,,,3.1,,,
SW,5,1916,50+,C,,,,3,,,
SW,5,1917,50+,R,,,1.2,,LIANA,,
SW,5,1918,50+,L,,,1,,LIANA,,
SW,6,1919,0,L,,,1,,LIANA,,
SW,6,1920,0,L,,,,14.8,,,
SW,6,1921,0,C,,,1.1,,,,
SW,6,1922,0.5,R,,,2,,,,
SW,6,1924,0.9,RR,,,,16.5,,,
SW,6,1923,0.9,RR,,,1,,,,
SW,6,1925,1,RR,,,1.2,,LIANA,,
SW,6,1926,1,LL,,,,1.3,,,
SW,6,1927,1,R,,,1,,,,
SW,6,1928,1,RR,,,1.5,,,,
SW,6,1929,2.7,C,,,1.1,,,,
SW,6,1930,4.7,C,,,1.2,,,,
SW,6,1931,4.7,L,,,,1.7,LIANA,,
SW,6,1932,4.9,C,,,,13.5,,MAIN STEM,
SW,6,1933,4.9,C,,,1.4,,LIANA,STEM 2 (1932),
SW,6,1934,4.9,C,,,,3.1,,,
SW,6,1935,6.2,L,,,,2.5,LIANA,,
SW,6,1936,6.2,L,,,1.4,,,,
SW,6,1937,8,RR,,,1,,,,
SW,6,1938,8,RR,,,1.2,,,,
SW,6,1940,8,R,,,1.2,,,,
SW,6,1941,9.3,C,,,1.4,,,,
SW,6,1939,10,L,,,1,,,,
SW,6,1943,11,R,,,,3.7,,MAIN STEM,
SW,6,1944,11,R,,,,3.1,,STEM 2 1943,
SW,6,1945,11,R,,,,2.4,,STEM 3 1943,
SW,6,1946,11,C,,,,1.4,,STEM 4 1943,
SW,6,1947,13.3,LL,,,,1.1,,,
SW,6,1942,13.3,LL,,,1.1,,,,
SW,6,1948,14.5,R,,,,1.5,LIANA,,
SW,6,1949,15.2,R,,,,6.4,,,
SW,6,1950,16.5,R,,,1.8,,,,
SW,6,1951,16.8,L,,,1,,,,
SW,6,1952,18.4,L,,,,2.4,,,
SW,6,1954,19.6,L,,,,1.6,LIANA,,
SW,6,1955,21.4,L,,,,3.5,,,
SW,6,1956,18,R,,,1.2,,,,
SW,6,1958,22.2,L,,,,5.9,,,
SW,6,1957,22.2,L,,,,1.1,LIANA,,
SW,6,1959,22.3,C,,,,1.1,,,
SW,6,1960,21.4,C,,,1,,,,
SW,6,1961,22.8,C,,,1,,,,
SW,6,1963,22.6,L,,,1,,,,
SW,6,1964,23.4,L,,,,5.2,,MAIN STEM,
SW,6,1965,23.4,L,,,,2.1,,STEM OF 1964,
SW,6,1953,25,R,,,,1.1,,,
SW,6,1966,25,L,,,1.4,,,,
SW,6,1967,25.4,L,,,,1.5,,,
SW,6,1968,25.4,L,,,,1.2,,,
SW,6,1970,25.4,R,,,,1.3,,,
SW,6,1969,25.5,C,,,,1,,,
SW,6,1971,26.7,R,,,1.4,,,,
SW,6,1972,26.3,L,,,,1.9,,,
SW,6,1973,27.3,C,,,1.3,,,,
SW,6,1974,27.8,R,,,,10.8,,,
SW,6,1975,28.4,C,,,,4,,,
SW,6,1978,28.8,LL,,,,19.8,,STEM of 1978,
SW,6,1977,28.8,LL,,,,27.8,,MAIN STEM,
SW,6,1979,28.8,C,,,,6.2,,,
SW,6,1980,29.7,RR,,,,2.1,,MAIN STEM,
SW,6,1981,29.7,RR,,,,2.2,,,
SW,6,1983,29.7,RR,,,,1.3,LIANA,STEM OF 1980,
SW,6,1976,30,R,,,,1.8,LIANA,,
SW,6,1982,30.4,RR,,,,1.6,LIANA,,
SW,6,1984,29.7,C,,,,1.9,LIANA,,
SW,6,1985,30.3,C,,,,1.2,LIANA,,
SW,6,1986,29.9,C,,,,1.3,LIANA,,
SW,6,1987,31.2,C,,,1.2,,,,
SW,6,1988,31.8,C,,,1.5,,,,
SW,6,1989,32.1,C,,,1.4,,,,
SW,6,1990,32,L,,,1,,,,
SW,6,1991,32.6,L,,,,1.7,,,
SW,6,1992,32.6,L,,,,1.7,,,
SW,6,1993,32.6,L,,,1.7,,,,
SW,6,1994,32.6,L,,,,1.7,,,
SW,6,1995,32.6,L,,,,1,,,
SW,6,1996,32.6,L,,,,1,,,
SW,6,1997,32.6,L,,,,1,,,
SW,6,1998,32.6,L,,,,1.4,,,
SW,6,1999,32.6,L,,,,1.7,,,
SW,6,2000,32.6,L,,,,1.5,,,
SW,6,2101,32,C,,,1.1,,,,
SW,6,2102,31,,,,,1.1,,,
SW,6,2103,34,,,,2.4,,,,
SW,6,2104,34.3,,,,,3,,MAIN STEM,
SW,6,2105,34.3,,,,,1.2,,STEM OF 2104,
SW,6,2106,35.7,,,,,5.2,LIANA,,
SW,6,2109,36.9,,,,,3.3,,,
SW,6,2107,36.6,,,,,6.3,,,
SW,6,2108,36.9,,,,,1.2,,,
SW,6,2110,37.5,,20 M ,,,54.5,ASTRONIUM GRAVEOLENS,,
SW,6,2202,32.7,C,,,1.3,,,,
SW,6,2201,36.2,R,,,1,,,,
SW,6,2203,34.4,R,,,1.1,,,,
SW,6,2204,37.8,LL,,,,2.4,LIANA,,
SW,6,2205,38.7,L,,,,26.2,,,
SW,6,2206,39,C,,,,5.2,,STEM OF 2206,
SW,6,2209,39.4,L,,,,1.4,LIANA,,
SW,6,2207,40,L,,,,2,,STEM OF 2206,
SW,6,2208,40,L,,,,2.7,,STEM OF 2206,
SW,6,2210,40,L,,,,1.7,LIANA,,
SW,6,2211,41,L,,,1.3,,,,
SW,6,2212,41.1,C,,,1.1,,,,
SW,6,2213,40,C,,,1.6,,,,
SW,6,2215,39.2,C,,,1.1,,LIANA,,
SW,6,2214,40.4,C,,,1.1,,,,
SW,6,2216,39,C,,,1,,,,
SW,6,2217,42,L,,,1,,,,
SW,6,2218,42.8,LL,,,1,,,,
SW,6,2219,42.9,C,,,1,,,,
SW,6,2220,43,L,,,,1.5,,MAIN STEM,
SW,6,2221,43,C,,,,1,,STEM OF 2220,
SW,6,2222,43.6,L,,,,10.5,,,
SW,6,2223,42.8,C,,,1.4,,,,
SW,6,2224,43.3,C,,,1.3,,,,
SW,6,2226,43,R,,,1.4,,,,
SW,6,2225,43,C,,,,1.3,LIANA,,
SW,6,2227,45.2,C,,,1.8,,,,
SW,6,2229,43.4,R,,,,3.8,,STEM OF 2231,
SW,6,2228,45.2,LL,,,1,,,,
SW,6,2230,45.7,C,,,1,,,,
SW,6,2231,43.4,R,,,,11.9,RUBIACEAE,MAIN STEM,
SW,6,2232,47.2,L,,,,3.9,,,
SW,6,2233,47,L,,,1.5,,,,
SW,6,2234,47.3,L,,,1,,,,
SW,6,2235,44.9,C,,,1.2,,,,
SW,6,2236,48,C,,,1,,,STEM OF 2236,
SW,6,2237,48,C,,,1,,,STEM OF 2236,
SW,6,2239,45.2,R,,,1,,LIANA BIGNONIACEAE,,
SW,6,2238,48.9,L,,,1.6,,,,
SW,6,2240,46.3,C,,,,2.5,,,
SW,6,2242,47,,,,1.2,,,,
SW,6,2241,49,C,,,1,,,,
SW,6,2243,49.3,C,,,1.4,,,,
SW,6,2244,49.8,L,,,1.8,,,,
SW,6,2245,49.8,L,,,1.1,,,,
SW,6,2246,49.8,C,,,1.6,,,,
SW,6,2247,50+,C,,,1.2,,,,DENDROMETER FINISH
SW,6,2248,50+,C,,,1.3,,,,BEFORE STAKE
SW,6,2249,50+,C,,,1.5,,,,
SW,6,2250,50+,C,,,1,,,,
SW,6,2251,46.3,R,,,,1.1,LIANA,,
SW,6,2252,41.3,R,,,1.4,,,,
SW,6,2253,13.2,C,,,,1.1,,STEM OF 1943,
SW,6,2254,13.2,C,,,,1,,STEM OF 1943,
SW,6,2256,4.3,L,,,1,,,,
SW,6,2255,2.6,R,,,1.1,,,,
SW,6,2257,3.6,LL,,,1.4,,,,
SW,6,2258,43.9,LL,,,,1.2,,STEM OF 1697,
SW,6,2259,41.3,RR,,,,1.9,LIANA,,
SW,6,2260,41,C,,,2.3,,,,
SW,6,2261,37.8,LL,,,1,,,,
SW,6,2262,35.5,L,,,,1,,STEM OF 1691,
SW,6,2263,28.7,C,,,1,,LIANA,,
SW,6,2264,18,RR,,,,1.2,LIANA,,1649 HOST TREE
SW,6,2265,18.2,R,,,,1.3,LIANA,,1649 HOST TREE
SW,6,2266,18.1,R,,,1.1,,,,
SW,6,2267,4.5,R,,,1.2,,,,
SW,6,2268,1.8,R,,,1.2,,,,
SW,1,2269,0.01,R,,,1.1,,,,DOUBLE CHECKING LINE ONE PLOT ONE
SW,1,2270,0.01,R,,,1.9,,,,
SW,1,2271,0.02,RR,,,1,,,,
SW,1,2272,10.3,RR,,,1,,,,
SW,1,2273,11,RR,,,1.4,,,,
SW,1,2275,5,RR,,,,1.8,,,
SW,1,2274,13.2,RR,,,,14.4,,,
SW,1,2276,13.2,LL,,,1.1,,,,
SW,1,2277,12.2,LL,,,1,,,,
SW,1,2278,16.9,L,,,1,,,,
SW,1,2279,23.5,LL,,,1.5,,,,
SW,1,2280,43.9,LL,,,,1.6,,,
SW,2,2281,3,RR,,,1,,,,
SW,2,2282,4.7,R,,,1,,,,
SW,2,2283,6.1,LL,,,1.3,,,,
SW,2,2284,13.1,LL,,,1,,,,
SW,2,2285,13.1,LL,,,1,,,,
SW,2,2286,18.7,R,,,,1,,STEM OF 1099,
SW,2,2287,18.7,LL,,,1.6,,LIANA,,
SW,2,2288,19.7,LL,,,1.1,,LIANA,,
SW,2,2289,19.3,C,,,,2.7,LIANA BIGNONIACEAE,,
SW,2,2290,21.8,L,,,1.2,,,,
SW,2,2291,28.5,L,,,,4.2,,,
SW,2,2292,29,LL,,,,2.6,THORNY PALM,MAIN STEM,
SW,2,2293,29,LL,,,,1.3,THORNY PALM,STEM OF 2292,
SW,2,2294,28.5,L,,,,24,THORNY PALM,STEM OF 2292,
SW,2,2295,30,,,,,1.7,THORNY PALM,STEM OF 2292,
SW,2,2296,28.5,,,,,2.2,THORNY PALM,STEM OF 2292,
SW,2,2297,24.9,,,,,2.2,THORNY PALM,STEM OF 2292,CLOSE TO 1117
SW,2,2298,30,,,,,2.6,THORNY PALM,STEM OF 2292,
SW,2,2300,24.9,,,,,2.3,THORNY PALM,STEM OF 2292,
SW,2,2299,31.5,R,,,,2.6,THORNY PALM,STEM OF 2292,
SW,2,2302,31.5,R,,,,2.3,THORNY PALM,STEM OF 2292,
SW,2,2301,33.5,R,,,,2.2,THORNY PALM,STEM OF 2292,
SW,2,2303,39.4,LL,,,1.4,,THORNY PALM,STEM OF 2292,
SW,2,2304,39.4,LL,,,,1,THORNY PALM,STEM OF 2292,
SW,2,2305,41.4,C,,,1.8,,THORNY PALM,STEM OF 2292,
SW,2,2306,43.7,C,,,1.4,,THORNY PALM,STEM OF 2292,
SW,2,2307,49,C,,,,2,,,
SW,2,2308,47.3,C,,,1.4,,,,
SW,2,2309,49,LL,,,1.5,,,,
SW,2,2310,47.3,C,,,1.7,,,,
SW,9,2313,0.7,RR,,,1.5,,,,
SW,9,2312,1.5,LL,,,1.1,,LIANA,,
SW,9,2311,0.7,R,,,3,,,,
SW,9,2315,1.7,L,,,1.3,,,,
SW,9,2316,2.4,L,,,,1.2,LIANA,,ROUREA
SW,9,2314,2.8,RR,,,,1.1,LIANA,,
SW,9,2317,2.9,RR,,,,1.4,LIANA,,
SW,9,2318,3,C,,,,2.3,,MAIN STEM,
SW,9,2319,3,C,,,,1.6,,STEM OF 2319,
SW,9,2320,3,C,,,,6.4,,STEM OF 2319,
SW,9,2321,3.5,C,,,1.7,,RANDIA,,
SW,9,2322,2.3,RR,,,1,,,,
SW,9,2323,4.9,C,,,1,,,,
SW,9,2324,5.1,R,,,1,,,,
SW,9,2325,5.4,R,,,,2.3,SIMAROUBA,,
SW,9,2326,5.9,R,,,1.2,,,,
SW,9,2327,5.5,L,,,1,,,,
SW,9,2330,5.4,L,,,,2,,,
SW,9,2328,6,C,,,1.2,,,,
SW,9,2331,8.1,LL,,,1.7,,,,
SW,9,2332,8.9,RR,,,,3,,,
SW,9,2333,8.8,LL,,,1.4,,,,
SW,9,2329,9.5,C,,,1.3,,,,
SW,9,2334,9.8,RR,,,,1,OUTSIDE,,
SW,9,2335,10.3,RR,,,,1.1,,,
SW,9,2336,10.3,RR,,,,3.2,,,
SW,9,2337,10.3,RR,,,1.1,,,,
SW,9,2338,11.3,LL,,,,1.2,,,
SW,9,2339,10.6,LL,,,,1.4,,MAIN STEM,
SW,9,2340,11.9,C,,,1.1,,,,
SW,9,2342,10.6,LL,,,,1.3,,STEM OF 2339,
SW,9,2343,11.8,RR,,,1.2,,,,
SW,9,2344,12.8,C,,,1.1,,,,
SW,9,2341,11.1,L,,,1.1,,,,
SW,9,2345,12.1,L,,,1,,,,
SW,9,2346,11.8,R,,,1.1,,,,
SW,9,2347,13.4,RR,,,1.6,,,,
SW,9,2348,13.5,RR,,,1.7,,,,
SW,9,2349,14.2,LL,,,,1.2,LIANA ON MAIN,STEM OF 2351,
SW,9,2350,14.3,R,,,1,,,,
SW,9,2351,14.2,LL,,,1.2,,,MAIN STEM,
SW,9,2352,15,R,,,1,,,,
SW,9,2353,14.3,L,,,2,,,,
SW,9,2355,14.7,LL,,,2.2,,,,
SW,9,2354,16.1,R,,,1.1,,,,
SW,9,2356,17.4,R,,,1.4,,,,
SW,9,2357,17.3,L,,,1.8,,,,
SW,9,2358,17.3,C,,,1,,,,
SW,9,2359,17.4,L,,,3,,,,
SW,9,2360,18,R,,,1.2,,,,
SW,9,2361,18.2,R,,,1,,,,
SW,9,2362,19.3,L,,,1.1,,,,
SW,9,2363,19.3,C,,,1,,,,
SW,9,2364,19.5,L,,,2.4,,,,
SW,9,2365,20.4,L,,,2.8,,,,
SW,9,2366,20.5,L,,,1,,,,
SW,9,2367,22.4,C,,,,1.6,,,
SW,9,2368,22.4,C,,,,1.3,,,
SW,9,2369,21.7,LL,,,1.4,,,,
SW,9,2370,22.4,C,,,,1.1,,,
SW,9,2371,21.6,LL,,,1.4,,,,
SW,9,2372,22.4,C,,,,1,,,
SW,9,2373,23.4,C,,,1.1,,,,
SW,9,2374,23.1,C,,,1.8,,,,
SW,9,2375,24.7,L,,,1.2,,,,
SW,9,2376,25.4,L,,,1.1,,,,
SW,9,2377,26.2,L,,,1.4,,,,
SW,9,2378,27,R,,,1.4,,,,
SW,9,2379,26,C,,,1.6,,,,
SW,9,2388,26,R,,,1.1,,,,
SW,9,2381,26.4,C,,,1.2,,,,
SW,9,2383,27.2,LL,,,,1.1,,,
SW,9,2384,27.6,L,,,,1.2,,,
SW,9,2382,27.1,C,,,1.3,,,,
SW,9,2385,28,L,,,2,,MALPHIGIACEAE,,
SW,9,2386,29.9,L,,,1.7,,,,
SW,9,2387,29,R,,,1,,SAPINDACEAE,,
SW,9,2389,29.7,L,,,1,,,,
SW,9,2388,30.5,RR,,,1.4,,,,
SW,9,2390,31.5,C,,,1,,,,
SW,9,2391,31.5,C,,,1.5,,,,
SW,9,2394,32,L,,,,19.8,,,
SW,9,2392,32.2,R,,,1.1,,,,
SW,9,2393,32.7,L,,,1.2,,,,
SW,9,2395,32.7,RR,,,1,,,,
SW,9,2396,32.9,C,,,1,,,,
SW,9,2397,34,R,,,1.1,,,,
SW,9,2398,35.4,R,,,1,,,,
SW,9,2399,35.2,L,,,1.1,,,,
SW,9,2400,35.5,LL,,,1,,MALPHIGIACEAE,,
SW,9,2401,36.7,R,,,1.3,,,,
SW,9,2402,37.2,R,,,1.1,,,,
SW,9,2403,36,L,,,1.5,,,,
SW,9,2404,36.6,L,,,1.6,,,,
SW,9,2405,36.7,L,,,1.5,,,,
SW,9,2407,35.7,C,,,1.2,,MALPHIGIACEAE,,
SW,9,2406,37.1,LL,,,1.5,,,,
SW,9,2408,36.8,LL,,,,2.4,,,
SW,9,2409,36.2,LL,,,1.3,,,,
SW,9,2410,37.8,C,,,1,,,,
SW,9,2411,38.3,RR,,,3.4,,,,
SW,9,2413,36.8,LL,,,1.3,,ON 2408,,
SW,9,2412,38.2,C,,,4.3,,,,
SW,9,2414,39.5,LL,,,,1.2,,,
SW,9,2415,39,C,,,1.5,,,,
SW,9,2417,39.9,C,,,,2.4,,,
SW,9,2416,39.3,L,,,2.3,,,,
SW,9,2418,39.3,L,,,1.1,,,,
SW,9,2420,39.2,RR,,,1.2,,,,
SW,9,2419,40.3,L,,,1.3,,,,
SW,9,2421,40.3,L,,,1.9,,,,
SW,9,2423,40.3,L,,,1.6,,,,
SW,9,2422,41.2,L,,,1,,,,
SW,9,2424,41.3,LL,,,1,,,,
SW,9,2425,40.1,RR,,,1.6,,,,
SW,9,2426,51,C,,,,4.4,,,
SW,9,2427,51,L,,,1.1,,,,
SW,9,2428,51.2,R,,,1.4,,TERMITE BASE,,
SW,9,2429,51.8,C,,,1,,,,
SW,9,2430,52.9,C,,,1.4,,,,
SW,9,2431,52.3,C,,,,2.9,,,
SW,9,2432,52.3,C,,,,13.4,OFFSET 52 DISK,,
SW,10,2433,63.1,C,,,1,,,,
SW,10,2434,53.8,C,,,1.6,,,,
SW,10,2435,54.6,C,,,,2.1,,,
SW,10,2436,54.6,C,,,,2.7,,MAIN STEM,
SW,10,2437,54.6,C,,,,2.3,,STEM OF 2436,
SW,10,2438,53.5,C,,,1,,,,
SW,10,2435,54.9,C,,,1,,,,
SW,10,2440,56.8,C,,,,1.5,,,
SW,10,2441,57.3,LL,,,1.1,,,,
SW,10,2442,57.7,R,,,1.1,,,,
SW,10,2443,55.4,L,,,1,,,,
SW,10,2444,57,RR,,,1,,,,
SW,10,2445,58.4,RR,,,,27.4,,,
SW,10,2446,58.2,RR,,,,2.7,,,
SW,10,2447,59.4,R,,,,2.9,,,
SW,10,2448,58.7,R,,,,3.6,,,
SW,10,2449,59.4,L,,,2,,,,
SW,10,2450,59.7,LL,,,1,,,,
SW,10,2451,60,C,,,,7.6,,,
SW,10,2452,10,C,,,,3.2,,,
SW,10,2453,59.8,R,,,2.6,,,,
SW,10,2454,61.9,L,,,1.3,,,,
SW,10,2455,63.6,R,,,1.6,,,,
SW,10,2456,63.8,R,,,1,,,,
SW,10,2457,63.6,LL,,,1.1,,,,
SW,10,2458,63.7,LL,,,1.1,,,,
SW,10,2459,64,RR,,,,3.5,,,
SW,10,2460,64.8,C,,,,3.5,,MAIN STEM,
SW,10,2461,64.8,C,,,,1,,STEM OF 2460,
SW,10,2462,64.8,C,,,,1.1,,STEM OF 2460,
SW,10,2463,64.9,R,,,1,,,,
SW,10,2464,66.6,R,,,,5.3,,MAIN STEM,
SW,10,2465,66.5,C,,,,2.4,,STEM OF 2464,
SW,10,2466,66.3,LL,,,1.4,,,,
SW,10,2467,66.4,L,,,1.1,,,,
SW,10,2468,67.3,RR,,,2.1,,,,
SW,10,2469,67.5,C,,,1.2,,,,
SW,10,2470,67,LL,,,1.3,,,,
SW,10,2471,68,R,,,1,,,,
SW,10,2472,68.5,R,,,1.2,,,,
SW,10,2473,69,LL,,,,1,,,
SW,10,2474,69,C,,,1.4,,,,
SW,10,2475,69.1,RR,,,,5.5,,,
SW,10,2476,69.3,RR,,,1.3,,,,
SW,10,2477,69.7,C,,,1.1,,,,
SW,10,2478,69.8,L,,,1.1,,,,
SW,10,2479,70.2,L,,,2.9,,,,
SW,10,2480,70.8,L,,,1,,,,
SW,10,2481,69.9,R,,,,15.1,,,
SW,10,2482,70.9,R,,,,6.4,,MAIN STEM,
SW,10,2483,70.9,R,,,,3.1,,STEM OF 2482,
SW,10,2484,70.9,R,,,,1.1,,STEM OF 2482,
SW,10,2485,70.9,R,,,,3.7,,STEM OF 2482,
SW,10,2486,7.2,R,,,,1,,,
SW,10,2487,71.6,RR,,,1.1,,,,
SW,10,2488,72.3,R,,,,2.5,,,
SW,10,2489,72.4,LL,,,,16.2,,,
SW,10,2490,72.8,LL,,,,1.9,,,
SW,10,2491,74.1,C,,,,3.7,,,
SW,10,2492,72,L,,,1.4,,,,
SW,10,2493,74.2,L,,,,1.1,,STEM OF 2495,
SW,10,2494,74.7,L,,,,1.3,,STEM OF 2495,
SW,10,2495,74.7,L,,,,6.3,,MAIN STEM,
SW,10,2496,76,C,,,,1.1,,,
SW,10,2497,76.1,C,,,,6,,,
SW,10,2498,77,C,,,,1.7,,STEM OF 2499,
SW,10,2499,77.8,C,,,,3.2,,MAIN STEM,
SW,10,2500,77.8,C,,,1.1,,,,
SW,10,2182,78.6,C,,,1,,,,
SW,10,2183,80.9,,,,1.4,,,,
SW,10,2184,83.1,,,,1,,,,
SW,10,2185,84,R,,,,1.3,,,
SW,10,2186,84.2,,,,1.2,,,,
SW,10,2187,84.3,,,,1,,,,
SW,10,2188,84.8,RR,,,1.1,,,,
SW,10,2189,84.8,R,,,1.3,,,,
SW,10,2190,84.9,C,,,,2.1,,,
SW,10,2191,85.3,LL,,,1.5,,,,
SW,10,2193,85.6,LL,,,1.2,,,,
SW,10,2194,87.1,LL,,,,8,,,
SW,10,2195,86.1,L,,,,7.4,,,
SW,10,2196,87,C,,,1,,,,
SW,10,2197,87.1,LL,,,1.1,,,,
SW,10,2198,86.6,L,,,1.1,,,,
SW,10,2199,88,L,,,1.2,,,,
SW,10,2200,87.9,R,,,1.2,,,,
SW,10,2179,93.1,L,,,,2,,,
SW,10,2172,94.6,L,,,,5.9,,,
SW,10,2173,93.8,L,,,1,,,,
SW,10,2174,94.5,L,,,1.2,,,,
SW,10,2175,95.2,LL,,,1.6,,,,
SE,7,2901,3.5,R,,,,1.4,,,
SE,7,3168,2.1,C,,,,3.4,,MAIN STEM,
SE,7,3169,2.1,C,,,,1.4,,STEM OF 3168,
SE,7,3170,4.2,L,,,,1.4,,MAIN STEM,
SE,7,3171,4.2,L,,,,1,,STEM OF 3170,
SE,7,3172,8.8,L,,,,1.4,,STEM OF 3170,
SE,7,3173,5.8,LL,,,,1.2,,,
SE,7,3174,6.3,L,,,2.5,,,,
SE,7,3175,4.2,L,,,,1.3,,,
SE,7,3176,7.2,R,,,1.5,,,,
SE,7,3177,4.2,,,,,1.7,,MAIN STEM,
SE,7,3178,7.9,C,,,1.3,,,,
SE,7,3179,4.2,,,,,1.2,,STEM OF 3177,
SE,7,3180,8.3,C,,,,1.4,,,
SE,7,3181,10,,,,,,,,
SE,7,3182,8.8,L,,,,3.5,,MAIN STEM,
SE,7,3183,8.8,L,,,,1.5,,STEM OF 3182,
SE,7,3184,8.1,L,,,,1.7,APOCYNACEAE,,
SE,7,3185,8.6,L,,,2,,,,
SE,7,3186,10,L,,,,3.3,COMBRETACEAE,,
SE,7,3187,11.5,R,,,2.1,,,MAIN STEM,
SE,7,3188,12.6,L,,,,1.4,,STEM OF 3187,
SE,7,3189,11,L,,,,1.5,,STEM OF 3187,
SE,7,3190,12,L,,,,1,,STEM OF 3187,
SE,7,3191,11.5,C,,,,1.7,,STEM OF 3187,
SE,7,3192,14,RR,,,,1.7,,STEM OF 3187,
SE,7,3193,11.6,R,,,1.5,,,STEM OF 3187,
SE,7,3194,12.3,L,,,2.6,,,,
SE,7,3195,13.7,LL,,,1.4,,,,
SE,7,3196,14.1,LL,,,2.6,,,,
SE,7,3197,13.8,RR,,,1,,,MAIN STEM,
SE,7,3198,13.8,RR,,,1.2,,,STEM OF 3197,
SE,7,3199,13.8,RR,,,1,,,,
SE,7,3200,13.7,L,,,,1.3,,,
SE,7,3201,14,R,,,1.3,,,,
SE,7,3202,14.1,C,,,,2,,MAIN STEM,
SE,7,3203,14.8,L,,,,8.7,,,
SE,7,3204,15.2,R,,,,1.1,,STEM OF 3202,
SE,7,3205,15.2,R,,,1,,,,
SE,7,3206,14,C,,,,1.6,,,
SE,7,3207,14.5,RR,,,,2,,,
SE,7,3208,15.2,C,,,,2,,MAIN STEM,
SE,7,3209,17,L,,,,5.7,,,
SE,7,3210,16.7,C,,,,1.2,,STEM OF 3208,
SE,7,3211,16.8,L,,,,4.1,,STEM OF 3213,
SE,7,3212,16.2,L,,,,1.3,,STEM OF 3208,
SE,7,3213,16.8,C,,,,6.1,,MAIN STEM,
SE,7,3214,18,L,,,,1.7,,MAIN STEM,
SE,7,3215,19,L,,,,2.3,,STEM OF 3214,
SE,7,3216,17.1,C,,,,5.4,,MAIN STEM,
SE,7,3217,17.2,C,,,,2.1,,STEM OF 3216,
SE,7,3218,17,C,,,,1.2,,,
SE,7,3219,17.7,L,,,,3.3,FABACEAE,MAIN STEM,
SE,7,3220,17.7,L,,,,1.4,,STEM OF 3219,
SE,7,3221,18.7,L,,,2,,,,
SE,7,3222,21.4,RR,,,1,,,,
SE,7,3223,17.9,L,,,,1.5,,,
SE,7,3244,21,L,,,1.8,,,,
SE,7,3255,21.3,L,,,1.1,,,,
SE,7,3226,21.7,L,,,1.5,,,,
SE,7,3227,24.5,C,,,,1,,MAIN STEM,
SE,7,3228,22,RR,,,,3.4,,,
SE,7,3229,22.6,C,,,,1,,STEM OF 3227,
SE,7,3230,23.3,C,,,1.6,,,,
SE,7,3231,22.7,C,,,1.5,,,,
SE,7,3232,24.5,R,,,2,,,,
SE,7,3233,25.4,L,,,1.5,,,,
SE,7,3234,24.9,L,,,,1.4,,,
SE,7,3235,25.2,LL,,,1.3,,,,
SE,7,3236,23.7,LL,,,2.6,,,,
SE,7,3237,23.6,LL,,,1.1,,,,
SE,7,3238,26.8,L,,,,1,,,
SE,7,3239,26.5,L,,,,11.2,,,
SE,7,3240,27.1,L,,,,2.5,,,
SE,7,3241,27.1,LL,,,2.5,,,,
SE,7,3242,28,LL,,,,2.2,,STEM OF 3240,
SE,7,3243,28.5,L,,,,2.3,,MAIN STEM,
SE,7,3247,28.3,C,,,,1.5,,MAIN STEM,
SE,7,3245,28.5,L,,,,1.7,,STEM OF 3244,
SE,7,3246,28.3,C,,,,1.3,,STEM OF 3243,
SE,7,3247,28,RR,,,,3,TAG OUT OF PLOT,,
SE,7,3248,28.4,RR,,,,1.9,TAG OUT OF PLOT,STEM OF 3247,
SE,7,3249,28.6,C,,,2,,,,
SE,7,3250,28.6,C,,,1,,,,
SE,7,3251,28.5,LL,,,1.1,,,,
SE,7,3252,29.5,L,,,,8.3,,,
SE,7,3253,28.2,LL,,,1.2,,,,
SE,7,3254,28.2,L,,,,2,,,
SE,7,3255,27.2,L,,,1,,,,
SE,7,3256,29.2,R,,,1,,,,
SE,7,3257,29.5,R,,,1,,,,
SE,7,3258,30.6,LL,,,,1.9,TAG OUT OF PLOT,,
SE,7,3259,30.6,LL,,,,5.7,TAG OUT OF PLOT,,
SE,7,3260,30.4,L,,,1,,,,
SE,7,3261,30.5,C,,,,1,,,
SE,7,3262,31.8,R,,,,3.9,,,
SE,7,3263,31.7,L,,,,3.3,,MAIN STEM,
SE,7,3264,30.8,L,,,,1.3,,STEM OF 3263,
SE,7,3265,31.3,LL,,,,1.3,OUT OF PLOT,,
SE,7,3266,32.3,LL,,,,1,,STEM OF 3263,
SE,7,3267,32.4,L,,,,1.4,OUT OF PLOT,STEM OF 3263,
SE,7,3268,31.5,L,,,,2,,MAIN STEM,
SE,7,3269,31.5,RR,,,,3.5,OUT OF PLOT,,
SE,7,3270,30.7,L,,,,1.4,,STEM OF 3268,
SE,7,3271,31.4,R,,,,1.3,,MAIN STEM,
SE,7,3272,31.6,LL,,,,1.3,OUT OF PLOT,STEM OF 3268,
SE,7,3273,32.6,C,,,,1.4,,STEM OF 3271,
SE,7,3274,32.6,C,,,,28.2,,,
SE,7,3275,32.7,L,,,3.6,,RUBIACEAE,,
SE,7,3276,32.6,C,,,,1,LIANA,,
SE,7,3277,32.8,R,,,2.4,,,,
SE,7,3278,34,L,,,,4.6,,,
SE,7,3279,34.8,,,,3.9,,,,
SE,7,3280,35.2,,,,1.5,,,,
SE,7,3281,35.5,C,,,,12,,MAIN STEM,BOURRERIA
SE,7,3282,37,C,,,1.7,,,,
SE,7,3283,36.8,L,,,1.2,,,,
SE,7,3284,36,L,,,,4,,STEM OF 3281,
SE,7,3285,35.8,L,,,1.4,,,,
SE,7,3286,36.9,L,,,1,,,,
SE,7,3287,38.4,LL,,,,6.2,,,
SE,7,3288,38.2,LL,,,1.6,,,,
SE,7,3289,38.4,LL,,,1.1,,,,
SE,7,3290,39,LL,,,1.2,,,,
SE,7,3291,38,RR,,,1.2,,,MAIN STEM,
SE,7,3292,38,RR,,,1.1,,,STEM OF 3292,
SE,7,3293,40,RR,,,1.9,,,,
SE,7,3294,40,RR,,,2,,,,
SE,7,3295,38.9,C,,,2,,,,
SE,7,3296,38.9,LL,,,1.4,,LIANA,,
SE,7,3297,40.6,LL,,,,3.2,,MAIN STEM,
SE,7,3298,40.6,LL,,,,1,,STEM OF 3297,
SE,7,3299,40.6,LL,,,,2.5,,STEM OF 3297,
SE,7,3300,42.5,RR,,,12,,,,
SE,7,3301,41.5,RR,,,2.3,,,,
SE,7,3302,43.2,L,,,,4.2,MALVACEAE,MAIN STEM,
SE,7,3303,43.2,L,,,,1.2,,STEM OF 3302,
SE,7,3304,43.2,L,,,,3,,,
SE,7,3305,44,LL,,,,3,LIANA,,TAG OUTSIDE
SE,7,3306,44,L,,,,1.5,,MAIN STEM,
SE,7,3307,44,L,,,,1,,STEM OF 3306,
SE,7,3308,43.5,L,,,,1.2,LIANA,,
SE,7,3309,44.4,C,,,1.5,,,,
SE,7,3310,44.9,R,,,,7.8,,,
SE,7,3311,46.2,L,,,,1.2,,STEM OF 3317,
SE,7,3312,45.5,R,,,,2.4,,MAIN STEM,
SE,7,3313,46.5,R,,,,2.1,,STEM OF 3312,
SE,7,3314,45.5,C,,,,1.4,,STEM OF 3312,
SE,7,3315,46.1,C,,,1.3,,RUBIACEAE,,
SE,7,3316,46,C,,,1.2,,,,
SE,7,3317,46.2,L,,,,2.8,,MAIN STEM,
SE,7,3318,46.4,C,,,,1.2,,,
SE,7,3319,47,C,,,,1.8,,MAIN STEM,
SE,7,3320,47,C,,,,1.7,,STEM OF 3320,
SE,7,3321,47,C,,,,7.5,,,
SE,7,3322,47.6,C,,,,31.5,BURSERA SIMARUBA,,
SE,7,3323,47.4,C,,,1.4,,,,
SE,7,3324,47.5,R,,,1.6,,,,
SE,7,3325,50.2,C,,,,3.9,,,
SE,8,3328,52.2,R,,,,4.5,,,OFFSET 90 CM (0.9)
SE,8,3327,54,C,,,,15.3,,MAIN STEM,
SE,8,3378,54,C,,,,5.5,,STEM OF 3327,
SE,8,3329,53.5,L,,,1,,,,
SE,8,3330,55,R,,,1.3,,,,
SE,8,3331,55,R,,,1,,,,
SE,8,3332,54,C,,,,3.5,,STEM OF 3327,
SE,8,3333,55.1,L,,,1.6,,,,
SE,8,3334,56.1,L,,,,5.7,,,
SE,8,3335,57.1,R,,,,9.7,,,
SE,8,3336,58,C,,,1,,,,
SE,8,3337,58.4,R,,,1,,,,
SE,8,3338,59.5,R,,,1.6,,,,
SE,8,3339,59.4,RR,,,,1.9,,,
SE,8,3340,60.1,LL,,,,1.4,,,
SE,8,3341,60.8,LL,,,1.8,,,,
SE,8,3342,58.5,C,,,,7.1,BONELLIA,MAIN STEM,
SE,8,3343,58.5,C,,,,1.7,,STEM OF 3342,
SE,8,3344,58.5,C,,,,3,,STEM OF 3342,
SE,8,3345,59.8,LL,,,1.1,,LIANA,,
SE,8,3346,62.2,C,,,1,,,,
SE,8,3347,59.8,RR,,,,46,LIANA,,
SE,8,3348,62.5,L,,,1,,,,
SE,8,3349,62.5,C,,,,6.7,,MAIN STEM,
SE,8,3350,62.5,C,,,,3.1,,STEM OF 3349,
SE,8,3351,63.9,R,,,,2.7,LIANA,,
SE,8,3352,64.4,C,,,1.2,,,,
SE,8,3353,64.5,R,,,,5.5,,,
SE,8,3354,66.2,LL,,,,4.2,,MAIN STEM,
SE,8,3355,68,C,,,1.4,,,,
SE,8,3356,66.9,LL,,,,3.8,,STEM OF 3354,OUT OF PLOT
SE,8,3357,67.6,L,,,1.6,,,,
SE,8,3358,67.4,L,,,,2.8,,,
SE,8,3359,69.7,L,,,1,,,,
SE,8,3360,67.4,LL,,,1.1,,LIANA,,
SE,8,3361,74.2,LL,,,1,,,,
SE,8,3362,73.1,LL,,,1.2,,,,
SE,8,3363,74.9,C,,,,5.7,LIANA,,
SE,8,3364,74.4,R,,,,4.3,LIANA,MAIN STEM,
SE,8,3365,74.4,R,,,,4,,STEM OF 3364,
SE,8,3366,76.3,R,,,,9.8,ANNONACEAE,MAIN STEM,
SE,8,3367,74.5,RR,,,,1.3,LIANA,,
SE,8,3368,77,RR,,,,5.3,,STEM OF 3366,
SE,8,3369,75.7,C,,,,2.3,RANDIA,STEM OF 3370,
SE,8,3370,76.8,C,,,,3.6,RANDIA,MAIN STEM,
SE,8,3371,76.2,C,,,2.2,,CAPPARIS,,
SE,8,3372,76.5,LL,,,,2.1,LIANA,,OUT OF PLOT
SE,8,3373,75.9,L,,,,1.3,LIANA,,
SE,8,3374,75.7,L,,,1.7,,LIANA,,
SE,8,3375,75.7,L,,,1.2,,LIANA,,
SE,8,3376,79.4,C,,,1.5,,,,
SE,8,3377,80.2,R,,,,1,LIANA,MAIN STEM,
SE,8,3378,80.3,C,,,,1.3,LIANA,STEM OF 3377,
SE,8,3379,80.5,LL,,,,1.5,,,
SE,8,3380,82,LL,,,2.3,,,,
SE,8,3381,82,LL,,,1.2,,,,
SE,8,3382,83.7,L,,,2.2,,,,
SE,8,3383,82.8,RR,,,1,,,,
SE,8,3384,82.8,RR,,,1.2,,,,
SE,8,3385,83.1,RR,,,1.2,,,,
SE,8,3386,83.5,RR,,,1,,,,
SE,8,3387,86.2,R,,,,1.2,LIANA,,
SE,8,3388,86.2,C,,,,3.1,,,
SE,8,3389,86.7,RR,,,,4.2,,,
SE,8,3390,88.5,C,,,,1.4,,,
SE,8,3391,88.9,LL,,,1,,,,
SE,8,3392,89.2,L,,,,1.8,,,
SE,8,3393,89,RR,,,,1.2,LIANA,,TAG OUTSIDE
SE,8,3394,89.5,LL,,,,1.9,LIANA,,OUT OF PLOT
SE,8,3395,81.4,C,,,1.2,,,,
SE,8,3396,92.3,C,,,1.4,,,,
SE,8,3397,89.3,C,,,1.1,,,,
SE,8,3398,91.7,LL,,,,8.6,,MAIN STEM,
SE,8,3399,91.7,LL,,,,7.4,,STEM OF 3398,
SE,8,3400,92.2,L,,,1.3,,,,
SE,8,3181,92.9,L,,,,6.2,,,
SE,8,3501,93.3,C,,,,4.7,LIANA,,
SE,8,3502,93.5,L,,,,5.1,,,
SE,8,3503,93.4,L,,,2.8,,LIANA,,
SE,8,3504,93.3,L,,,,2,LIANA,,
SE,8,3505,94.8,RR,,,,2.1,ACANTHACEAE,MAIN STEM,OUT OF PLOT
SE,8,3506,94.9,RR,,,,1.8,,STEM OF 3505,
SE,8,3507,94.9,RR,,,,1.3,,STEM OF 3505,
SE,8,3508,93.6,R,,,1.3,,CAPPARIS,,
SE,8,3509,95.4,R,,,,2.2,LIANA,MAIN STEM,
SE,8,3510,95.6,RR,,,,1.1,,STEM OF 3509,
SE,8,3511,93.7,RR,,,,1.1,,,
SE,8,3512,96.2,C,,,2.2,,,,
SE,8,3513,96.2,RR,,,,2.1,,,
SE,8,3514,97.4,RR,,,,4.8,,MAIN STEM,
SE,8,3515,97.1,RR,,,,1.4,MANILKARA CHICLE,STEM OF 3514,
SE,8,3516,97.2,RR,,,,1.6,,STEM OF 3514,
SE,8,3517,97.2,RR,,,,1.7,,STEM OF 3514,
SE,8,3518,97.2,RR,,,,1.1,,STEM OF 3514,
SE,8,3519,97,RR,,,,1.1,,,
SE,8,3520,99.9,C,,,,1.5,,STEM OF 3521,
SE,8,3521,99.7,C,,,,5.8,,MAIN STEM,
SE,8,3522,99.7,C,,,,1.2,,STEM OF 3521,
SE,8,3523,99.6,R,,,,1.1,,STEM OF 3521,
SE,8,3524,100.4,RR,,,,12.1,MANILKARA CHICLE,,
SE,8,3525,102.4,LL,,,,37.2,FABACEAE,,
SE,8,3526,102.4,R,,,1.1,,,,
SE,8,3527,104.7,L,,,,3,,,
SE,8,3528,107,C,,,,2.7,,,
SE,8,3529,104.8,C,,,1.1,,,,
SE,8,3530,108.6,LL,,,,2.1,,,
SE,8,3531,108,RR,,,,1.9,,,
SE,9,3532,1.3,LL,,,,3.9,,MAIN STEM,
SE,9,3533,1.2,R,,,1.3,,,,
SE,9,3534,1.1,LL,,,,3.1,,STEM OF 3532,
SE,9,3535,1.2,R,,,1,,,,
SE,9,3536,1.3,L,,,,1.1,,STEM OF 3532,
SE,9,3537,1.2,R,,,9,,,,
SE,9,3538,1.8,L,,,,1.7,,MAIN STEM,
SE,9,3539,1.8,L,,,,1.1,,STEM OF 3538,
SE,9,3540,1.8,L,,,,1.1,,STEM OF 3538,
SE,9,3541,1.8,L,,,,2.1,,STEM OF 3538,
SE,9,3542,5.4,R,,,1.7,,,,
SE,9,3543,3.6,LL,,,1.5,,,,
SE,9,3544,8.6,R,,,,3.4,,,
SE,9,3545,7.1,R,,,1.3,,LIANA,,
SE,9,3546,11.3,RR,,,1,,,,
SE,9,3547,12.9,RR,,,,10.4,LAURACEAE,MAIN STEM,
SE,9,3548,12.9,RR,,,,8.7,LAURACEAE,STEM OF 3547,
SE,9,3549,12.9,RR,,,,8.3,LAURACEAE,STEM OF 3547,
SE,9,3550,12.9,RR,,,,11.7,LAURACEAE,STEM OF 3547,
SE,9,3551,12.9,RR,,,,4.8,LAURACEAE,STEM OF 3547,
SE,9,3552,12.9,RR,,,,7,LAURACEAE,STEM OF 3547,
SE,9,3553,12.9,RR,,,,2.3,LAURACEAE,STEM OF 3547,
SE,9,3554,12.6,RR,,,,1.7,LAURACEAE,STEM OF 3547,
SE,9,3555,12.9,RR,,,,3.2,LAURACEAE,STEM OF 3547,
SE,9,3556,12.9,RR,,,,1,LAURACEAE,STEM OF 3547,
SE,9,3557,16.8,RR,,,1.2,,,,
SE,9,3558,16.8,RR,,,1.1,,,,
SE,9,3559,16.2,LL,,,,2.9,,,
SE,9,3560,17.7,LL,,,,4,,,
SE,9,3561,18.8,LL,,,1.1,,LAURACEAE,,
SE,9,3562,18.3,LL,,,,2.7,LIANA,,
SE,9,3563,18.7,C,,,1.1,,,,
SE,9,3564,20.2,C,,,1.2,,,,
SE,9,3565,20.8,LL,,,,9.9,,MAIN STEM,
SE,9,3566,20.8,LL,,,,3.4,,STEM OF 3565,
SE,9,3567,20.8,LL,,,,3.4,,STEM OF 3565,
SE,9,3568,20.8,LL,,,,5.1,,STEM OF 3565,
SE,9,3569,19.4,R,,,1,,,,
SE,9,3570,19.8,R,,,,3.6,LIANA,,
SE,9,3571,22.3,R,,,,1.1,RUBIACEAE,,
SE,9,3572,20.8,LL,,,,3.1,,STEM OF 3565,
SE,9,3573,22.5,LL,,,,3,,STEM OF 3565,
SE,9,3574,22.8,R,,,1.9,,RANDIA,,
SE,9,3575,22.1,L,,,1,,,,
SE,9,3570,21.2,C,,,1,,,,
SE,9,3577,23.5,L,,,1.9,,STIYLNOS,,
SE,9,3578,73.5,C,,,1.3,,,,
SE,9,3579,24.3,R,,,,1.1,,,
SE,9,3586,26,L,,,2.6,,LAURACEAE,,
SE,9,3581,26.4,C,,,1.4,,,,
SE,9,3582,24.8,RR,,,,1.4,LIANA,,OUT OF PLOT
SE,9,3583,24.2,RR,,,,1,LIANA,,OUT OF PLOT - 3582
SE,9,3584,28.6,RR,,,,2.2,,,
SE,9,3585,25.8,RR,,,1.1,,LIANA,,
SE,9,3586,27.4,LL,,,,4,LAURACEAE,MAIN STEM,
SE,9,3587,27.4,LL,,,,1.2,,STEM OF 3586,
SE,9,3588,27.4,LL,,,,1.6,,STEM OF 3586,
SE,9,3589,27.6,RR,,,,1,LIANA,,
SE,9,3590,27.6,RR,,,,1,,,
SE,9,3591,27.9,LL,,,1.2,,,,
SE,9,3592,29.1,L,,,,2.4,,,
SE,9,3593,29.3,LL,,,1.6,,,MAIN STEM,
SE,9,3594,29.3,LL,,,1.4,,,STEM OF 3594,
SE,9,3595,29.5,R,,,,22,,,
SE,9,3596,29.4,RR,,,1.1,,,,
SE,9,3597,29.6,RR,,,1.4,,,,
SE,9,3598,29.7,R,,,1.2,,,,
SE,9,3599,32.4,LL,,,,7.7,,,
SE,9,3560,32,RR,,,,2.6,LIANA,,
SE,9,3401,34,R,,,,6.5,LAURACEAE,,
SE,9,3402,33.8,L,,,1.1,,,,
SE,9,3403,30,LL,,,,1.1,LIANA,,
SE,9,3404,35.8,L,,,1.6,,,,
SE,9,3405,35.8,R,,,1.9,,,,
SE,9,3400,35.7,R,,,1.3,,,,
SE,9,3407,39.2,C,,,,3.8,,MAIN STEM,
SE,9,3408,36.6,C,,,,1.9,,,
SE,9,3409,39.6,L,,,1.5,,,,
SE,9,3410,39.2,C,,,,2.2,,STEM OF 3407,
SE,9,3411,35.2,C,,,,1,,STEM OF 3407,
SE,9,3412,41,C,,,,3.1,,,
SE,9,3413,40.8,C,,,,7,,,
SE,9,3414,40.8,C,,,,1,,,
SE,9,3415,41.8,LL,,,2.4,,LIANA,,
SE,9,3416,40.8,LL,,,,6,,,
SE,9,3417,43,L,,,,2.4,RUBIACEAE,,
SE,9,3418,40.8,LL,,,,2.7,,,
SE,9,3419,43.5,R,,,,3.7,RUBIACEAE,,
SE,9,3420,43.8,L,,,,11.5,BURSERA SIMARUBA,,
SE,9,3421,43.4,C,,,,7.3,,,
SE,9,3422,43.2,C,,,1.1,,,,
SE,9,3423,43.2,C,,,2.1,,,,
SE,9,3424,45.5,C,,,2.1,,,,
SE,9,3425,44.5,C,,,1,,,,
SE,9,3426,46.3,R,,,1.6,,,,
SE,9,3427,47.2,L,,,1.9,,,,
SE,9,3428,47.1,L,,,1.1,,,,
SE,9,3429,48.8,L,,,1.8,,,,
SE,9,3430,48.8,L,,,1.3,,,,
SE,9,3431,49.6,RR,,,,4.3,,,
SE,9,3432,49.2,L,,,,2.2,,,
SE,9,3433,49.1,LL,,,1.2,,,,
SE,9,3434,49.3,L,,,1,,,,
SE,9,3435,49.2,L,,,1.2,,,,
SE,9,3436,50.6,C,,,1.1,,,,
SE,9,3437,50.8,C,,,1.8,,,,
SE,9,3438,49.7,L,,,1,,,,
SE,9,3439,50.7,L,,,1.1,,CAPPARIS,,
SE,9,3440,49.8,L,,,1.1,,,,
SE,9,3441,53.5,C,,,3,,,,
SE,9,3442,52.1,L,,,2.7,,DILLENIA,,
SE,9,3443,52.2,L,,,2.7,,DILLENIA,,
SE,9,3444,51.3,L,,,1.3,,MANILKARA CHICLE,,
SE,9,3445,54.3,R,,,1.2,,LIANA,,
SE,9,3446,53.6,L,,,1.3,,,,
SE,9,3447,54.4,R,,,,1.2,LIANA,,
SE,9,3448,53.7,R,,,1.2,,,,
SE,9,3449,54,L,,,,7.9,,,
SE,9,3450,55.2,L,,,1,,,,
SE,9,3451,55.3,L,,,1.5,,,,
SE,9,3452,55.7,C,,,,17.2,FABACEAE,,
SE,9,3453,56.2,C,,,,1.5,LIANA,,
SE,9,3454,56.1,R,,,,2.7,,MAIN STEM,
SE,9,3455,56.1,R,,,,1,,STEM OF 3454,
SE,9,3456,56,R,,,1.8,,,,
SE,9,3457,56.4,L,,,1.5,,,,
SE,9,3458,57.6,LL,,,1.6,,MANILKARA CHICLE,,
SE,9,3459,58.4,L,,,1.8,,,,
SE,9,3460,58.5,LL,,,1.1,,,,
SE,9,3461,58.4,L,,,1.2,,,,
SE,10,3462,61,C,,,,5.7,,,OFFSET 8.6
SE,10,3463,59.7,C,,,1.3,,,,
SE,10,3464,61,L,,,1,,,,
SE,10,3465,64.6,C,,,,3.7,LIANA,,
SE,10,3466,65,C,,,,3,LIANA,,
SE,10,3467,66.3,C,,,1,,,,
SE,10,3468,65.6,C,,,,3.5,LIANA,,
SE,10,3469,67.2,C,,,1.5,,LIANA DILLENIA,,
SE,10,3470,70.9,L,,,,5.7,,MAIN STEM,
SE,10,3471,71.4,L,,,,4.4,,STEM 0F 3470,
SE,10,3477,69.2,LL,,,,2,MANILKARA CHICLE,,
SE,10,3473,71.8,LL,,,,5,STRYCHNOSE,,TAG OUTSIDE
SE,10,3474,71.6,LL,,,,5.8,LIANA,,
SE,10,3475,71.7,L,,,,2.5,,STEM 0F 3470,
SE,10,3476,71.7,L,,,,2.5,,STEM 0F 3470,
SE,10,3477,71.4,L,,,,1,,STEM 0F 3470,
SE,10,3478,71.4,C,,,,4.3,,STEM 0F 3470,
SE,10,3479,71.4,C,,,,3,,STEM 0F 3470,
SE,10,3480,71.3,C,,,,1.2,LIANA,,
SE,10,3481,72,R,,,,1.6,LIANA,,TAG OUTSIDE
SE,10,3482,73.7,R,,,,2,LAURACEAE,MAIN STEM,
SE,10,3483,75.8,L,,,,2.3,CAPPARIS,,
SE,10,3484,73.7,RR,,,,1,,STEM OF 3482,
SE,10,3485,73.7,RR,,,,1.5,,STEM OF 3482,
SE,10,3486,73.7,RR,,,,1.4,,STEM OF 3482,
SE,10,3487,78.7,R,,,,3.1,LIANA,MAIN STEM,
SE,10,3488,74,C,,,,1.6,LIANA,STEM OF 3487,
SE,10,3489,74.8,L,,,,1.2,LIANA,MAIN STEM,
SE,10,3490,75,RR,,,1.3,,LIANA,,
SE,10,3491,74.8,L,,,,1.4,LIANA,STEM OF 3489,
SE,10,3492,75,RR,,,1.6,,LIANA,,
SE,10,3493,77.7,L,,,,3,LIANA,,
SE,10,3494,75.3,RR,,,,1.2,LIANA,,
SE,10,3495,76,C,,,,1.3,LIANA,STEM OF 3487,
SE,10,3496,76,C,,,,3.5,LIANA,STEM OF 3487,
SE,10,3497,77,RR,,,2.2,,LIANA,MAIN STEM,
SE,10,3498,78.5,C,,,,1.6,LIANA,,
SE,10,3499,77.9,LL,,,1.2,,,,
SE,10,3500,77,RR,,,1.9,,LIANA,STEM OF 3497,
SE,10,3601,78.7,L,,,1.3,,,,
SE,10,3602,80.2,C,,,,2.5,CAPPARIS,MAIN STEM,
SE,10,3603,80.2,C,,,,1.3,CAPPARIS,STEM OF 3602,
SE,10,3604,82,R,,,,5.5,,MAIN STEM,
SE,10,3605,81.7,LL,,,,1,LAURACEAE,,
SE,10,3606,82.9,L,,,,3.8,,,
SE,10,3607,82.3,R,,,,1.4,LAURACEAE,STEM OF 3602,
SE,10,3608,85.5,L,,,,4.5,,,
SE,10,3609,86.2,R,,,,6.2,,,
SE,10,3610,85.8,LL,,,,2.8,,STEM OF 3610,
SE,10,3611,85.8,LL,,,,3,,MAIN STEM,
SE,10,3612,55.8,LL,,,,2.6,,STEM OF 3614,
SE,10,3613,88.8,LL,,,,2.1,,STEM OF 3614,
SE,10,3614,88.8,LL,,,,12.7,,MAIN STEM,
SE,10,3615,90,R,,,,3.4,MANILKARA CHICLE,,
SE,10,3616,90,LL,,,,13,MANILKARA CHICLE,,
SE,10,3617,91,R,,,,1,LIANA,,
SE,10,3618,91,R,,,,1.4,LAURACEAE,,
SE,10,3619,97.3,L,,,2,,,,
SE,10,3620,94.9,R,,,,2.2,,STEM OF 3621,
SE,10,3621,94.9,R,,,,4.1,,MAIN STEM,
SE,10,3622,98.7,C,,,,3.7,LIANA,,
SE,10,3623,99.5,L,,,,41.8,,,
SE,10,3624,100+,C,,,,2.5,TABEBUIA,,
SE,10,3625,110+,C,,,1.7,,TABEBUIA,,
SE,10,3626,110+,C,,,2,,MANILKARA CHICLE,,
SE,10,3627,120+,C,,,1,,,,
SE,10,3628,120+,R,,,1,,CAPPARIS,,
SE,10,3629,120+,C,,,1.5,,,,
SE,10,3630,120+,L,,,1,,,,
SE,10,3631,120+,L,,,1,,,,
SE,10,3632,120+,R,,,,14.7,,,
SE,10,3633,120+,R,,,1,,,,
SE,10,3634,120+,L,,,,1.5,LIANA,,
SE,10,3635,120+,L,,,,2.7,LIANA,,
SE,10,3636,120+,C,,,1.4,,,,
SE,10,3637,120+,C,,,1.1,,,,
SE,10,3638,120+,C,,,,1.6,MANILKARA CHICLE,,
C,1,3639,1,R,,,,1.6,LIANA,,
C,1,3640,2,RR,,,,4.2,LIANA,STEM OF 3641,
C,1,3641,2,RR,,,,3.1,,MAIN STEM,
C,1,3642,1.8,RR,,,,6.2,LIANA APOCYNACEAE,STEM OF 3643,
C,1,3643,1.8,RR,,,,1.3,,MAIN STEM,TAG OUTSIDE
C,1,3644,,LOST,LOST,LOST,LOST,LOST,LOST,LOST,LOST
C,1,3645,2.2,RR,,,,1.4,LIANA,,
C,1,3646,2.2,R,,,,15.8,,,
C,1,3647,2.4,LL,,,,47.9,LEGUME,,
C,1,3648,3.2,LL,,,,4,LIANA,,TAG OUTSIDE
C,1,3649,2.7,LL,,,,2.5,LIANA,STEM OF 3650,TAG OUTSIDE
C,1,3650,2.7,LL,,,,1.1,APOCYNACEAE,MAIN STEM,
C,1,3651,3.2,C,,,,1.5,LIANA,,
C,1,3652,3.7,R,,,,1.4,LIANA,STEM OF 3653,
C,1,3653,3.7,R,,,,1.1,,MAIN STEM,
C,1,3654,3.3,R,,,,1.6,LIANA,,
C,1,3655,4.1,LL,,,2.3,,LIANA,,
C,1,3656,5.5,L,,,1,,,,
C,1,3657,7.6,LL,,,,1,LIANA APOCYNACEAE,,
C,1,3658,8,C,2.0 M,,,5.4,LIANA APOCYNACEAE,MAIN STEM,
C,1,3659,8.9,L,,,4.6,,,STEM OF 3658,
C,1,3660,7.7,C,,,4.6,,LAURACEAE,STEM OF 3661,
C,1,3661,7.7,C,,,2.6,,,MAIN STEM,
C,1,3662,9.2,R,,,,8.5,LAURACEAE,STEM OF 3663,
C,1,3663,9.2,R,,,,1.3,,MAIN STEM,
C,1,3664,10,R,,,1.2,,MALVACEAE,,
C,1,3665,10.1,C,,,1.1,,,,
C,1,3666,9.8,R,,,1.1,,LIANA DILLENIA,,
C,1,3667,11.6,L,,,,19.2,,,
C,1,3668,13.8,RR,,,,3.2,LIANA,,
C,1,3669,13.8,RR,,,,3.5,LIANA,,
C,1,3670,13.8,RR,,,,2.4,LIANA DILLENIA,,
C,1,3671,15,L,,,,1.5,LIANA,,
C,1,3676,14.7,LL,,,,3.2,LIANA DILLENIA,MAIN STEM,
C,1,3678,14.7,LL,,,,1.8,,STEM OF 3676,
C,1,3679,14.7,LL,,,,1.6,,STEM OF 3676,
C,1,3680,14.7,LL,,,,3.2,,STEM OF 3676,
C,1,3681,14.7,LL,,,,1.7,,STEM OF 3676,
C,1,3682,14.7,LL,,,,1.4,,STEM OF 3676,
C,1,3683,14.7,LL,,,,2,,STEM OF 3676,
C,1,3684,14.7,LL,,,,1.1,,STEM OF 3676,
C,1,3685,14.7,LL,,,,1.2,,STEM OF 3676,
C,1,3686,14.7,LL,,,,1,,STEM OF 3676,
C,1,3687,15.4,RR,,,,4.2,LAURACEAE,MAIN STEM,
C,1,3688,15.4,RR,,,,2.1,,STEM OF 3687,
C,1,3689,15.4,RR,,,,4,,STEM OF 3687,
C,1,3690,15.4,RR,,,,4,,STEM OF 3687,
C,1,3691,15.4,RR,,,,3.4,,STEM OF 3687,
C,1,3692,15.3,RR,,,,1.2,LIANA,,
C,1,3693,16,RR,,,,1.6,LIANA,,TAG OUTSIDE
C,1,3694,16.5,RR,,,1,,LIANA,,
C,1,3695,16.5,RR,,,1,,LIANA,,
C,1,3696,16.7,RR,,,,1,LIANA,,
C,1,3697,16.9,RR,,,1,,,,
C,1,3698,18.9,RR,,,1,,,,
C,1,3699,19.2,RR,,,1,,,,
C,1,3700,20,RR,,,3,,CAPPARIS,,
C,1,3701,19.8,R,,,1.5,,,,
C,1,3702,19.6,R,,,,1.1,,MAIN STEM,
C,1,3703,19.6,R,,,,1.1,,STEM OF 3702,
C,1,3704,19.6,R,,,,1.1,,STEM OF 3702,
C,1,3705,20.3,R,,,,2.9,LIANA,,
C,1,3706,20.3,R,,,,1.4,DILLENIA,MAIN STEM,
C,1,3707,20.3,R,,,,1,,STEM OF 3706,
C,1,3708,20.3,R,,,,1.3,,STEM OF 3706,
C,1,3709,20.3,R,,,,1.1,,STEM OF 3706,
C,1,3710,20.6,RR,,,,1,LIANA DILLENIA,,
C,1,3711,20.6,RR,,,,1,LIANA DILLENIA,,
C,1,3712,22.6,R,,,1,,,,
C,1,3713,22.7,RR,,,1.4,,,,
C,1,3714,22.7,RR,,,1.2,,,,
C,1,3715,23,C,,,,3.2,LIANA,,
C,1,3716,24,RR,,,,1.5,LIANA,,
C,1,3717,24.2,LL,,,,13.4,APOCYNACEAE,,TREE
C,1,3718,24.7,C,,,,2.4,LIANA,,
C,1,3719,25.7,L,,,1.1,,,,
C,1,3720,26.1,LL,,,1,,LIANA,,
C,1,3721,26,LL,,,,2.5,LIANA,,
C,1,3722,26.8,LL,,,,1.5,,,
C,1,3723,28.9,RR,,,,2.1,LIANA DILLENIA,STEM OF 3726,
C,1,3724,28.4,L,,,,2.1,,,
C,1,3725,28.9,L,,,,2.8,CAPPARIS,,
C,1,3726,28.4,RR,,,,1.1,,MAIN STEM,
C,1,3727,28.5,R,,,1.2,,,,
C,1,3728,30.25,L,,,1.2,,,,
C,1,3729,30.5,C,,,1.7,,,,
C,1,3730,30.9,C,,,1,,,,
C,1,3731,31,C,,,1.2,,LEGUME,,THORNY
C,1,3732,32.2,R,,,1.5,,,,
C,1,3733,35,C,,,3,,,,
C,1,3734,35.3,L,,,1.8,,,,
C,1,3735,33.9,R,,,1,,LIANA,,
C,1,3736,35.9,LL,,,,1.4,,,
C,1,3737,36,LL,,,,3,LIANA,,
C,1,3738,38.5,LL,,,1.1,,,,
C,1,3739,38.9,LL,,,,2.9,LIANA,,TAG OUTSIDE
C,1,3740,38.9,LL,,,,3.4,LIANA,,
C,1,3741,38.7,LL,,,,8.8,SAPRANTHUS,,
C,1,3742,40.5,LL,,,1.2,,,,
C,1,3743,40.6,RR,,,,6.1,,STEM OF 3744,
C,1,3744,40.6,RR,,,,2.5,,MAIN STEM,
C,1,3745,42,LL,,,1,,,,
C,1,3746,43.8,LL,,,1.1,,,,
C,1,3747,43.8,C,,,1,,,,
C,1,3748,43.5,C,,,1,,,,
C,1,3749,43.5,C,,,1,,,,
C,1,3750,43.6,C,,,1,,,,
C,1,3751,44.7,L,,,2.2,,LIANA DILLENIA,MAIN STEM,
C,1,3752,44.7,L,,,1.9,,,STEM OF 3751,
C,1,3753,49.7,L,,,1.6,,,STEM OF 3751,
C,1,3754,44.7,L,,,1.9,,,STEM OF 3751,
C,1,3755,44.7,L,,,1.3,,,STEM OF 3751,
C,1,3756,45,R,,,,1,,STEM OF 3751,
C,1,3757,45,R,,,,3,DILLENIA,,
C,1,3758,45.2,L,,,,1.8,,MAIN STEM,
C,1,3759,45.2,L,,,,1.7,STRYCHNOS,STEM OF 3758,
C,1,3760,45.2,L,,,,1.6,,STEM OF 3758,
C,1,3761,46,L,,,1.1,,,,
C,1,3762,46.3,RR,,,,1.5,LIANA,,
C,1,3763,46.3,RR,,,,1,,MAIN STEM,
C,1,3764,49.3,RR,,,,1,DILLENIA,STEM OF 3763,
C,1,3765,47.2,LL,,,,1,DILLENIA,MAIN STEM,
C,1,3766,47.2,LL,,,,1,,STEM OF 3765,
C,1,3767,47.6,RR,,,,5.3,,,
C,1,3768,48.1,RR,,,1.3,,,,
C,1,3765,47.8,LL,,,1.9,,,,
C,1,3770,42,RR,,,1.5,,,,
C,1,3771,49.4,RR,,,1,,,,
C,1,3772,49.2,LL,,,,1.1,DILLENIA,,
C,1,3773,48.9,C,,,,2.3,DILLENIA,,
C,1,3774,49,L,,,1.2,,,,
C,1,3775,50.3,L,,,1.4,,,,
C,1,3776,50.4,RR,,,,1.1,,,
C,1,3777,50.5,LL,,,1,,,,
C,1,3778,51,C,,,,1,DILLENIA,MAIN STEM,
C,1,3779,51,C,,,,2.4,,STEM OF 3779,
C,1,3780,51.8,RR,,,,14.3,,,
C,1,3781,51.9,R,,,,2.2,,STEM OF 3783,
C,1,3782,51.9,R,,,,1.7,,STEM OF 3783,
C,1,3783,51.9,R,,,,2.2,,MAIN STEM,
C,1,3784,51.9,C,,,1.2,,,,
C,1,3785,52.9,L,,,,3.6,DILLENIA,MAIN STEM,
C,1,3786,52.5,L,,,,1.2,,STEM OF 3786,
C,1,3787,52.9,C,,,,1.4,,STEM OF 3786,
C,1,3788,57.9,LL,,,,1.4,,STEM OF 3786,
C,1,3789,57.9,LL,,,,1.1,,STEM OF 3786,
C,1,3790,57.6,LL,,,,1.2,,STEM OF 3786,
C,1,3791,57.9,LL,,,,1,,STEM OF 3786,
C,1,3792,57.9,LL,,,,1.3,,STEM OF 3786,
C,1,3793,57.4,LL,,,,1.7,,STEM OF 3786,
C,1,3794,57.4,LL,,,,1.4,,STEM OF 3786,
C,1,3795,52.7,L,,,1,,,,
C,1,3796,52.8,RR,,,,3.9,BOURRERA,MAIN STEM,
C,1,3797,57.8,RR,,,,6.7,,STEM OF 3797,
C,2,3798,51.2,C,,,1.2,,,,
C,1,3799,50.8,C,,,1.1,,,,
C,2,3800,53.1,RR,,,1,,,,
C,2,3802,54.2,R,,,,1.7,,,
C,2,3803,54.7,C,,,1.9,,,,
C,2,3804,57,RR,,,1.2,,,STEM OF 3805,
C,2,3805,57,RR,,,1.3,,,MAIN STEM,
C,2,3806,55.2,LL,,,1.9,,,,
C,2,3807,57,RR,,,1,,,STEM OF 3805,
C,2,3808,57,RR,,,,2.3,,MAIN STEM,
C,2,3809,57,RR,,,,1.5,DILLENIA,STEM OF 3808,
C,2,3810,57,RR,,,,1.7,,STEM OF 3808,
C,2,3811,57,RR,,,,1.7,,STEM OF 3808,
C,2,3812,57,RR,,,,2.4,,STEM OF 3808,
C,2,3813,57,RR,,,,1.9,,STEM OF 3808,
C,2,3814,57,RR,,,,1.7,,STEM OF 3808,
C,2,3815,58.5,C,,,,2,DILLENIA,MAIN STEM,
C,2,3816,58.5,C,,,,1.6,,BRANCH,
C,2,3817,58.5,C,,,,2.1,,BRANCH,
C,2,3818,58.5,C,,,,1,,BRANCH,
C,2,3819,60,C,,,1.9,,,,
C,2,3820,64,R,,,1.1,,LIANA,,
C,2,3821,58.5,C,,,,2,,BRANCH,
C,2,3822,58.5,C,,,,1.6,,BRANCH,
C,2,3823,57.5,RR,,,,3.2,,BRANCH,
C,2,3829,57.5,RR,,,,1.9,,BRANCH,
C,2,3825,63.7,R,,,,1,LIANA,,
C,2,3826,62.7,R,,,1,,,,
C,2,3827,57,RR,,,,1,,BRANCH,
C,2,3828,62.3,LL,,,1,,,,
C,2,3829,63,LL,,,1.4,,,,
C,2,3830,65.4,L,,,1.2,,,,
C,2,3831,66.5,C,,,,43.8,,,
C,2,3832,62.7,LL,,,,4.8,LIANA,,
C,2,3833,70.5,LL,,,1,,,,
C,2,3834,62.7,LL,,,,1.7,,BRANCH,
C,2,3835,66.6,RR,,,,4.5,LIANA,,
C,2,3836,66.7,RR,,,,4.7,LIANA,,
C,2,3837,62.7,LL,,,,1.4,,BRANCH,
C,2,3838,75,R,,,,1.4,LIANA,,
C,2,3835,70.5,L,,,1.2,,,,
C,2,3840,71.2,LL,,,,1.3,LIANA,3842,
C,2,3841,73,L,,,1.8,,,,
C,2,3842,71,LL,,,,8.4,BURSERA SIMARUBA,,
C,2,3843,72,C,,,,1.9,LIANA,,
C,2,3849,74,RR,,,,1.6,LIANA,,
C,2,3845,75.5,L,,,,3,,BRANCH,
C,2,3846,75.5,L,,,,2.2,,BRANCH,
C,2,3847,75.5,C,,,,3.9,,BRANCH,
C,2,3848,75.5,LL,,,,4,,BRANCH,
C,2,3849,75.5,LL,,,,3,,BRANCH,
C,2,3850,75,LL,,,,8.2,LIANA,MAIN STEM,TAG OUTSIDE
C,2,3851,74.1,RR,,,,1.4,,,
C,2,3852,75,LL,,,,1.4,,BRANCH,
C,2,3853,78.3,C,,,,1.7,LIANA,,
C,2,3854,78.5,C,,,,1,,,
C,2,3855,79.5,R,,,,1.3,,,
C,2,3883,90.7,C,,,2.1,,,,
C,2,3884,88.6,C,,,1.4,,,,
C,2,3885,88.7,C,,,,1.8,,,
C,2,3886,90.7,R,,,1.4,,,,
C,2,3887,90,C,,,1,,,,
C,2,3888,89.4,L,,,1.2,,,,
C,2,3889,91.4,C,,,2,,LIANA,,
C,2,3890,91.8,L,,,,2.8,LIANA,BRANCH,
C,2,3891,93.5,R,,,,1.7,,,
C,2,3892,93.6,LL,,,,4,LIANA,,TAG
C,2,3893,95.6,L,,,1.5,,,,
C,2,3894,92.1,LL,,,1.1,,,,
C,2,3895,94.1,L,,,,1.9,,BRANCH,
C,2,3896,96,LL,,,1.2,,,,
C,2,3897,97.4,LL,,,,3.1,,,
C,2,3898,94,L,,,,3.9,,MAIN STEM,
C,2,3899,96.9,C,,,1.2,,,,
C,2,3900,96.8,R,,,1,,,,
C,2,3901,99.3,R,,,1,,,,
C,2,3902,97.9,C,,,1.3,,,,
C,2,3903,99,L,,,1.1,,,,
C,2,3904,103,LL,,,,1.2,,,
C,2,3905,102,C,,,1.9,,,,
C,2,3906,102,R,,,1.2,,,,
C,2,3907,103,C,,,1.1,,,,
C,2,3908,101,R,,,1,,,,
C,2,3909,104.5,L,,,2,,,,
C,2,3910,104.5,R,,,1.5,,,,
C,2,3911,104,R,,,1,,,,
C,2,3912,104.5,R,,,1.3,,,,
C,3,3913,0.3,R,,,,1.2,,MAIN STEM,
C,3,3914,0.3,R,,,,1.2,,BRANCH,
C,3,3915,0.3,R,,,,1,,BRANCH,
C,3,3916,0.55,R,,,,1.5,,BRANCH,
C,3,3917,0.55,RR,,,,8.5,LAURACEAE,MAIN STEM,
C,3,3918,0.8,RR,,,,2.5,,BRANCH,
C,3,3919,0.35,RR,,,,1.8,,BRANCH,
C,3,3920,0.5,R,,,,2.5,,BRANCH,
C,3,3921,0.4,L,,,,1,LIANA,,
C,3,3922,1,C,,,,1,LIANA,,
C,3,3923,2,RR,,,,1.2,LIANA,,
C,3,3929,1.1,R,,,,1.2,LIANA,,
C,3,3925,1.5,LL,,,1.4,,LIANA,,
C,3,3926,2.1,C,,,1.3,,LIANA,,
C,3,3927,2.2,RR,,,,1.7,,,
C,3,3928,2.2,C,,,1.4,,LIANA,,
C,3,3929,3,C,,,1.4,,LIANA,,
C,3,3930,4.3,RR,,,,11.7,LIANA,,
C,3,3931,4,RR,,,,1.2,,,"TREE, TAG OUTSIDE"
C,3,3932,5.1,C,,,1,,LIANA,,
C,3,3933,4.4,RR,,,,1.1,LIANA,,
C,3,3934,4.5,RR,,,,1.1,LIANA,,
C,3,3935,4.6,RR,,,,1.3,LIANA,,
C,3,3936,4.5,RR,,,,1,LIANA,,
C,3,3937,6.05,L,,,1.5,,,,
C,3,3938,6.3,R,,,1.5,,,,
C,3,3934,5.8,RR,,,1.4,,,,
C,3,3940,7,R,,,1,,,,
C,3,3941,6.4,LL,,,,1,,,
C,3,3942,7.3,R,,,1.6,,,,
C,3,3943,7.3,R,,,1,,,,
C,3,3944,7.3,R,,,1.3,,,,
C,3,3945,8.1,L,,,1.2,,,,
C,3,3946,8.1,L,,,1.2,,,,
C,3,3947,8.1,L,,,1.5,,,,
C,3,3948,8.1,L,,,2,,,,
C,3,3949,7.9,C,,,1,,,,
C,3,3950,8.9,LL,,,1.4,,,,
C,3,3951,8.7,C,,,,2.5,LIANA,,
C,3,3952,10,L,,,1,,,,
C,3,3953,10.2,C,,,,2.4,LIANA,,
C,3,3954,10.8,R,,,,2.3,,BRANCH,
C,3,3955,10.8,R,,,,9.1,,MAIN STEM,
C,3,3956,10.7,R,,,,1.6,,,
C,3,3957,10.8,C,,,,2.5,,BRANCH,
C,3,3958,10.8,C,,,,5.5,,MAIN STEM,
C,3,3959,11.2,L,,,1.3,,,,
C,3,3960,10.4,RR,,,,1.8,LIANA,,
C,3,3961,13.9,L,,,,1,,BRANCH,
C,3,3962,13.9,L,,,,1.6,LIANA,,
C,3,3963,14.5,C,,,,2.4,LIANA,,
C,3,3964,10.5,LL,,,1.5,,,,
C,3,3965,12.8,LL,,,,3.2,LIANA,,TAG OUTSIDE
C,3,3966,11.5,LL,,,,2.5,LIANA,,
C,3,3967,14.5,LL,,,1,,ACACIA,,
C,3,3968,14.7,C,,,1.4,,LIANA,,
C,3,3969,12,LL,,,,5.5,LIANA,,
C,3,3970,12,LL,,,,2.5,,BRANCH,
C,3,3971,13.7,C,,,1.9,,LIANA,,
C,3,3972,18.5,C,,,1.9,,LIANA,,
C,3,3973,13,R,,,1.8,,LIANA,,
C,3,3979,13.8,C,,,,3.9,LIANA,,
C,3,3975,14.9,C,,,,2.5,LIANA,,
C,3,3976,15,R,,,,7.1,,,
C,3,3977,18.8,R,,,,1.2,LIANA,,
C,3,3978,17.7,RR,,,1.3,,,,
C,3,3979,17,R,,,,1.4,LIANA,,
C,3,3980,15.4,RR,,,1.2,,LIANA,,
C,3,3981,16,R,,,1.3,,CAPPARIS,,
C,3,3982,16.5,RR,,,,4,,,TREE
C,3,3983,16.6,R,,,,1.1,LIANA,,
C,3,3984,16.7,RR,,,,2,,,
C,3,3985,16.6,R,,,,1.3,LIANA,,
C,3,3986,16.5,RR,,,,1.4,,BRANCH,
C,3,3987,18.7,L,,,1,,,,
C,3,3988,19.1,RR,,,1,,,,
C,3,3989,19.6,RR,,,1.8,,,,
C,3,3990,20.8,L,,,1.8,,CAPPARIS,,
C,3,3991,21.8,LL,,,,1.3,,BRANCH,
C,3,3992,21,RR,,,1.1,,,,
C,3,3993,21.8,LL,,,,3.2,BONELLIA,,
C,3,3994,21.2,C,,,1,,,,
C,3,3995,23.3,LL,,,,1,,,
C,3,3996,22.1,LL,,,1.2,,,,
C,3,3997,22.7,R,,,1,,,,
C,3,3998,24,L,,,,2.7,,,
C,3,3999,29,C,,,,1,,,
C,3,4000,23.1,C,,,1,,,,
C,3,3801,24.5,L,,,1.8,,BURSERA SIMARUBA,,
,,,,,,,,,CAPPARIS,,
